{
    "__comment": "Aetheris_2022",
    "variants": {
        "axis=x": [
            { "model": "minecraft:block/acacia_wood/acacia_wood_1", "x": 90, "y": 90 },
            { "model": "minecraft:block/acacia_wood/acacia_wood_2", "x": 90, "y": 90 },
            { "model": "minecraft:block/acacia_wood/acacia_wood_3", "x": 90, "y": 90 }
        ],
        "axis=y": [
            { "model": "minecraft:block/acacia_wood/acacia_wood_1" },
            { "model": "minecraft:block/acacia_wood/acacia_wood_2" },
            { "model": "minecraft:block/acacia_wood/acacia_wood_3" }
        ],
        "axis=z": [
            { "model": "minecraft:block/acacia_wood/acacia_wood_1", "x": 90 },
            { "model": "minecraft:block/acacia_wood/acacia_wood_2", "x": 90 },
            { "model": "minecraft:block/acacia_wood/acacia_wood_3", "x": 90 }
        ]
    }
}
