{
    "variants": {
        "": [
            { "model": "block/flowers/allium/allium_1" },
            { "model": "block/flowers/allium/allium_1", "y": 90 },
            { "model": "block/flowers/allium/allium_1", "y": 180 },
            { "model": "block/flowers/allium/allium_1", "y": 270 },
            { "model": "block/flowers/allium/allium_2" },
            { "model": "block/flowers/allium/allium_2", "y": 90 },
            { "model": "block/flowers/allium/allium_2", "y": 180 },
            { "model": "block/flowers/allium/allium_2", "y": 270 },
            { "model": "block/flowers/allium/allium_3" },
            { "model": "block/flowers/allium/allium_3", "y": 90 },
            { "model": "block/flowers/allium/allium_3", "y": 180 },
            { "model": "block/flowers/allium/allium_3", "y": 270 }
        ]
    }
}
