{
  "variants": 
  {
    "facing=down": [
    {
      "model": "minecraft:block/amethyst_cluster",
      "x": 180
    },
    {
      "model": "minecraft:block/amethyst_cluster_1",
      "x": 180
    },
    {
      "model": "minecraft:block/amethyst_cluster_2",
      "x": 180
    }
  ],
    "facing=east": [
    {
      "model": "minecraft:block/amethyst_cluster",
      "x": 90,
      "y": 90
    },
    {
      "model": "minecraft:block/amethyst_cluster_1",
      "x": 90,
      "y": 90
    },
    {
      "model": "minecraft:block/amethyst_cluster_2",
      "x": 90,
      "y": 90
    }
  ],
    "facing=north": [
    {
      "model": "minecraft:block/amethyst_cluster",
      "x": 90
    },
    {
      "model": "minecraft:block/amethyst_cluster_1",
      "x": 90
    },
    {
      "model": "minecraft:block/amethyst_cluster_2",
      "x": 90
    }
  ],
    "facing=south": [
    {
      "model": "minecraft:block/amethyst_cluster",
      "x": 90,
      "y": 180
    },
    {
      "model": "minecraft:block/amethyst_cluster_1",
      "x": 90,
      "y": 180
    },
    {
      "model": "minecraft:block/amethyst_cluster_2",
      "x": 90,
      "y": 180
    }
  ],
    "facing=up": [
    {
      "model": "minecraft:block/amethyst_cluster"
    },
    {
      "model": "minecraft:block/amethyst_cluster_1"
    },
    {
      "model": "minecraft:block/amethyst_cluster_2"
    }
  ],
    "facing=west": [
    {
      "model": "minecraft:block/amethyst_cluster",
      "x": 90,
      "y": 270
    },
    {
      "model": "minecraft:block/amethyst_cluster_1",
      "x": 90,
      "y": 270
    },
    {
      "model": "minecraft:block/amethyst_cluster_2",
      "x": 90,
      "y": 270
    }
  ]
  }
}