{
    "variants": {
        "": [
            { "model": "block/flowers/azure_bluet/azure_bluet_1" },
            { "model": "block/flowers/azure_bluet/azure_bluet_1", "y": 90 },
            { "model": "block/flowers/azure_bluet/azure_bluet_1", "y": 180 },
            { "model": "block/flowers/azure_bluet/azure_bluet_1", "y": 270 },
            { "model": "block/flowers/azure_bluet/azure_bluet_2" },
            { "model": "block/flowers/azure_bluet/azure_bluet_2", "y": 90 },
            { "model": "block/flowers/azure_bluet/azure_bluet_2", "y": 180 },
            { "model": "block/flowers/azure_bluet/azure_bluet_2", "y": 270 },
            { "model": "block/flowers/azure_bluet/azure_bluet_3" },
            { "model": "block/flowers/azure_bluet/azure_bluet_3", "y": 90 },
            { "model": "block/flowers/azure_bluet/azure_bluet_3", "y": 180 },
            { "model": "block/flowers/azure_bluet/azure_bluet_3", "y": 270 }
        ]
    }
}
