{
    "__comment": "Aetheris_2023",
    "variants": {
        "axis=x": [
            { "model": "minecraft:block/basalt/basalt_horizontal_1", "x": 90, "y": 90 },
            { "model": "minecraft:block/basalt/basalt_horizontal_2", "x": 90, "y": 90 },
            { "model": "minecraft:block/basalt/basalt_horizontal_3", "x": 90, "y": 90 }
        ],
        "axis=y": [
            { "model": "minecraft:block/basalt/basalt_1" },
            { "model": "minecraft:block/basalt/basalt_2" },
            { "model": "minecraft:block/basalt/basalt_3" }
        ],
        "axis=z": [
            { "model": "minecraft:block/basalt/basalt_horizontal_1", "x": 90 },
            { "model": "minecraft:block/basalt/basalt_horizontal_2", "x": 90 },
            { "model": "minecraft:block/basalt/basalt_horizontal_3", "x": 90 }
        ]
    }
}
