{
    "__comment": "Aetheris_2022",
    "variants": {
        "axis=x": [
            { "model": "minecraft:block/birch_wood/birch_wood_1", "x": 90, "y": 90 },
            { "model": "minecraft:block/birch_wood/birch_wood_2", "x": 90, "y": 90 },
            { "model": "minecraft:block/birch_wood/birch_wood_3", "x": 90, "y": 90 },
            { "model": "minecraft:block/birch_wood/birch_wood_4", "x": 90, "y": 90 },
            { "model": "minecraft:block/birch_wood/birch_wood_5", "x": 90, "y": 90 }
        ],
        "axis=y": [
            { "model": "minecraft:block/birch_wood/birch_wood_1" },
            { "model": "minecraft:block/birch_wood/birch_wood_2" },
            { "model": "minecraft:block/birch_wood/birch_wood_3" },
            { "model": "minecraft:block/birch_wood/birch_wood_4" },
            { "model": "minecraft:block/birch_wood/birch_wood_5" }
        ],
        "axis=z": [
            { "model": "minecraft:block/birch_wood/birch_wood_1", "x": 90 },
            { "model": "minecraft:block/birch_wood/birch_wood_2", "x": 90 },
            { "model": "minecraft:block/birch_wood/birch_wood_3", "x": 90 },
            { "model": "minecraft:block/birch_wood/birch_wood_4", "x": 90 },
            { "model": "minecraft:block/birch_wood/birch_wood_5", "x": 90 }
        ]
    }
}
