{
    "__comment": "_Aetheris",
    "multipart": [
        {   "apply": { "model": "minecraft:block/1fence/birch_fence/birch_fence_post" }},
        {   "when": { "north": true },
            "apply": { "model": "minecraft:block/birch_fence_side", "uvlock": true }
        },
        {   "when": { "east": true },
            "apply": { "model": "minecraft:block/birch_fence_side", "y": 90, "uvlock": false }
        },
        {   "when": { "south": true },
            "apply": { "model": "minecraft:block/birch_fence_side", "y": 180, "uvlock": false }
        },
        {   "when": { "west": true },
            "apply": { "model": "minecraft:block/birch_fence_side", "y": 270, "uvlock": false }
        }
    ]
}
