{
    "__comment": "Aetheris_ex 2023",
    "variants": {
        "": [
            { "model": "minecraft:block/brown_mushroom/1", "weight": 10 },
            { "model": "minecraft:block/brown_mushroom/1", "weight": 10, "y": 90 },
            { "model": "minecraft:block/brown_mushroom/1", "weight": 10, "y": 180 },
            { "model": "minecraft:block/brown_mushroom/1", "weight": 10, "y": 270 },
            { "model": "minecraft:block/brown_mushroom/2", "weight": 10 },
            { "model": "minecraft:block/brown_mushroom/2", "weight": 10, "y": 90 },
            { "model": "minecraft:block/brown_mushroom/2", "weight": 10, "y": 180 },
            { "model": "minecraft:block/brown_mushroom/2", "weight": 10, "y": 270 },
            { "model": "minecraft:block/brown_mushroom/3", "weight": 10 },
            { "model": "minecraft:block/brown_mushroom/3", "weight": 10, "y": 90 },
            { "model": "minecraft:block/brown_mushroom/3", "weight": 10, "y": 180 },
            { "model": "minecraft:block/brown_mushroom/3", "weight": 10, "y": 270 },
            { "model": "minecraft:block/brown_mushroom/4", "weight": 10 },
            { "model": "minecraft:block/brown_mushroom/4", "weight": 10, "y": 90 },
            { "model": "minecraft:block/brown_mushroom/4", "weight": 10, "y": 180 },
            { "model": "minecraft:block/brown_mushroom/4", "weight": 10, "y": 270 }
        ]
    }
}
