{
  "variants": {
    "berries=false": [
      {"model": "minecraft:block/cave_vines_plant"},
    { "model": "minecraft:block/cave_vines_plant", "weight": 10, "y": 90 },
    { "model": "minecraft:block/cave_vines_plant", "weight": 10, "y": 180 },
    { "model": "minecraft:block/cave_vines_plant", "weight": 10, "y": 270 }
  ],
    "berries=true": [
      {"model": "minecraft:block/cave_vines_plant_lit"},
    { "model": "minecraft:block/cave_vines_plant_lit", "weight": 10, "y": 90 },
    { "model": "minecraft:block/cave_vines_plant_lit", "weight": 10, "y": 180 },
    { "model": "minecraft:block/cave_vines_plant_lit", "weight": 10, "y": 270 }
  ]
  }
}