{
    "__comment": "_Aetheris - 2023",
    "variants": {
        "type=bottom": [
            { "model": "minecraft:block/cobblestone/slab/cobblestone_slab_bottom_1", "weight": 10 },
            { "model": "minecraft:block/cobblestone/slab/cobblestone_slab_bottom_2", "weight": 10 },
            { "model": "minecraft:block/cobblestone/slab/cobblestone_slab_bottom_3", "weight": 11 }
        ],
        "type=top": [
            { "model": "minecraft:block/cobblestone/slab/cobblestone_slab_top_1", "weight": 10 },
            { "model": "minecraft:block/cobblestone/slab/cobblestone_slab_top_2", "weight": 10 },
            { "model": "minecraft:block/cobblestone/slab/cobblestone_slab_top_3", "weight": 10 }
        ],
        "type=double": [
            { "model": "minecraft:block/cobblestone/cobblestone_1", "weight": 12 },
            { "model": "minecraft:block/cobblestone/cobblestone_2", "weight": 11 },
            { "model": "minecraft:block/cobblestone/cobblestone_3", "weight": 10 }
        ]
    }
}
