{
    "__comment": "Aetheris_ex 2022",
    "variants": {
        "": [
            { "model": "minecraft:block/cobblestone/cobblestone_1", "weight": 22 },
            { "model": "minecraft:block/cobblestone/cobblestone_2", "weight": 22 },
            { "model": "minecraft:block/cobblestone/cobblestone_3", "weight": 2 },
            { "model": "minecraft:block/cobblestone/cobblestone_4", "weight": 8 },
            { "model": "minecraft:block/cobblestone/cobblestone_5", "weight": 22 },
            { "model": "minecraft:block/cobblestone/cobblestone_6", "weight": 22 },
            { "model": "minecraft:block/cobblestone/cobblestone_7", "weight": 22 },
            { "model": "minecraft:block/cobblestone/cobblestone_8", "weight": 2 }
        ]
    }
}
