{
    "variants": {
        "": [
            { "model": "block/web/web_1" },
            { "model": "block/web/web_1", "y": 90 },
            { "model": "block/web/web_1", "y": 180 },
            { "model": "block/web/web_1", "y": 270 },
            { "model": "block/web/web_2" },
            { "model": "block/web/web_2", "y": 90 },
            { "model": "block/web/web_2", "y": 180 },
            { "model": "block/web/web_2", "y": 270 },
            { "model": "block/web/web_3" },
            { "model": "block/web/web_3", "y": 90 },
            { "model": "block/web/web_3", "y": 180 },
            { "model": "block/web/web_3", "y": 270 }
        ]
    }
}
