{
    "variants": {
        "": [
            { "model": "block/flowers/cornflower/cornflower_1" },
            { "model": "block/flowers/cornflower/cornflower_1", "y": 90 },
            { "model": "block/flowers/cornflower/cornflower_1", "y": 180 },
            { "model": "block/flowers/cornflower/cornflower_1", "y": 270 },
            { "model": "block/flowers/cornflower/cornflower_2" },
            { "model": "block/flowers/cornflower/cornflower_2", "y": 90 },
            { "model": "block/flowers/cornflower/cornflower_2", "y": 180 },
            { "model": "block/flowers/cornflower/cornflower_2", "y": 270 },
            { "model": "block/flowers/cornflower/cornflower_3" },
            { "model": "block/flowers/cornflower/cornflower_3", "y": 90 },
            { "model": "block/flowers/cornflower/cornflower_3", "y": 180 },
            { "model": "block/flowers/cornflower/cornflower_3", "y": 270 }
        ]
    }
}
