{
    "variants": {
        "": [
            { "model": "block/flowers/dandelion/dandelion_1" },
            { "model": "block/flowers/dandelion/dandelion_1", "y": 90 },
            { "model": "block/flowers/dandelion/dandelion_1", "y": 180 },
            { "model": "block/flowers/dandelion/dandelion_1", "y": 270 },
            { "model": "block/flowers/dandelion/dandelion_2" },
            { "model": "block/flowers/dandelion/dandelion_2", "y": 90 },
            { "model": "block/flowers/dandelion/dandelion_2", "y": 180 },
            { "model": "block/flowers/dandelion/dandelion_2", "y": 270 },
            { "model": "block/flowers/dandelion/dandelion_3" },
            { "model": "block/flowers/dandelion/dandelion_3", "y": 90 },
            { "model": "block/flowers/dandelion/dandelion_3", "y": 180 },
            { "model": "block/flowers/dandelion/dandelion_3", "y": 270 }
        ]
    }
}
