{
    "__comment": "Aetheris_ex 2023",
    "variants": {
        "": [
            { "model": "minecraft:block/dead_bush/dead_bush_1", "weight": 10 },
            { "model": "minecraft:block/dead_bush/dead_bush_1", "weight": 10, "y": 90 },
            { "model": "minecraft:block/dead_bush/dead_bush_1", "weight": 10, "y": 180 },
            { "model": "minecraft:block/dead_bush/dead_bush_1", "weight": 10, "y": 270 },
            { "model": "minecraft:block/dead_bush/dead_bush_2", "weight": 10 },
            { "model": "minecraft:block/dead_bush/dead_bush_2", "weight": 10, "y": 90 },
            { "model": "minecraft:block/dead_bush/dead_bush_2", "weight": 10, "y": 180 },
            { "model": "minecraft:block/dead_bush/dead_bush_2", "weight": 10, "y": 270 },
            { "model": "minecraft:block/dead_bush/dead_bush_3", "weight": 10 },
            { "model": "minecraft:block/dead_bush/dead_bush_3", "weight": 10, "y": 90 },
            { "model": "minecraft:block/dead_bush/dead_bush_3", "weight": 10, "y": 180 },
            { "model": "minecraft:block/dead_bush/dead_bush_3", "weight": 10, "y": 270 }
        ]
    }
}
