{
    "__comment": "Aetheris_ex 2022",
    "variants": {
        "": [
            { "model": "minecraft:block/deepslate/deepslate_1", "weight": 2 },
            { "model": "minecraft:block/deepslate/deepslate_2", "weight": 2 },
            { "model": "minecraft:block/deepslate/deepslate_3", "weight": 2 },
            { "model": "minecraft:block/deepslate/deepslate_4", "weight": 2 },
            { "model": "minecraft:block/deepslate/deepslate_5", "weight": 2 },
            { "model": "minecraft:block/deepslate/deepslate_6", "weight": 2 }
        ]
    }
}
