{
    "__comment": "Aetheris_ex 2023",
    "variants": {
        "": [
            { "model": "minecraft:block/path_block/path_block_1", "weight": 3 },
            { "model": "minecraft:block/path_block/path_block_2", "weight": 1 },
            { "model": "minecraft:block/path_block/path_block_3", "weight": 1 },
            { "model": "minecraft:block/path_block/path_block_4", "weight": 3 },
            { "model": "minecraft:block/path_block/path_block_5", "weight": 1 },
            { "model": "minecraft:block/path_block/path_block_6", "weight": 1 }

        ]
    }
}
