{
    "__comment": "Aetheris_ex 2022",
    "variants": {
        "": [
            { "model": "minecraft:block/dirt/dirt_1", "weight": 30 },
            { "model": "minecraft:block/dirt/dirt_2", "weight": 25 },
            { "model": "minecraft:block/dirt/dirt_3", "weight": 25 },
            { "model": "minecraft:block/dirt/dirt_4", "weight": 25 },
            { "model": "minecraft:block/dirt/dirt_5", "weight": 25 },
            { "model": "minecraft:block/dirt/dirt_6", "weight": 25 },
            { "model": "minecraft:block/dirt/dirt_7", "weight": 25 },
            { "model": "minecraft:block/dirt/dirt_8", "weight": 25 },
            { "model": "minecraft:block/dirt/dirt_9", "weight": 25 },
            { "model": "minecraft:block/dirt/dirt_10", "weight": 10 },
            { "model": "minecraft:block/dirt/dirt_11", "weight": 10 },
            { "model": "minecraft:block/dirt/dirt_12", "weight": 10 }
        ]
    }
}
