{
    "variants": {
        "": [
            { "model": "block/azalea_leaves/flowering_azalea_leaves_1" },
            { "model": "block/azalea_leaves/flowering_azalea_leaves_1", "y": 90 },
            { "model": "block/azalea_leaves/flowering_azalea_leaves_1", "y": 180 },
            { "model": "block/azalea_leaves/flowering_azalea_leaves_1", "y": 270 },
            { "model": "block/azalea_leaves/flowering_azalea_leaves_2" },
            { "model": "block/azalea_leaves/flowering_azalea_leaves_2", "y": 90 },
            { "model": "block/azalea_leaves/flowering_azalea_leaves_2", "y": 180 },
            { "model": "block/azalea_leaves/flowering_azalea_leaves_2", "y": 270 },
            { "model": "block/azalea_leaves/flowering_azalea_leaves_3" },
            { "model": "block/azalea_leaves/flowering_azalea_leaves_3", "y": 90 },
            { "model": "block/azalea_leaves/flowering_azalea_leaves_3", "y": 180 },
            { "model": "block/azalea_leaves/flowering_azalea_leaves_3", "y": 270 },
            { "model": "block/azalea_leaves/flowering_azalea_leaves_4" },
            { "model": "block/azalea_leaves/flowering_azalea_leaves_4", "y": 90 },
            { "model": "block/azalea_leaves/flowering_azalea_leaves_4", "y": 180 },
            { "model": "block/azalea_leaves/flowering_azalea_leaves_4", "y": 270 }
            
        ]
    }
}
