{
  "multipart": [
    {
      "apply": [
      {
        "model": "minecraft:block/glow_lichen/side_1"
      },
      {
        "model": "minecraft:block/glow_lichen/side_2"
      },
      {
        "model": "minecraft:block/glow_lichen/side_3"
      }
      ],
      "when": {
        "north": "true"
      }
    },
    {
      "apply": [
        {
          "model": "minecraft:block/glow_lichen/side_1", "y": 90
        },
        {
          "model": "minecraft:block/glow_lichen/side_2", "y": 90
        },
        {
          "model": "minecraft:block/glow_lichen/side_3", "y": 90
        }
        ],
      "when": {
        "down": "false",
        "east": "false",
        "north": "false",
        "south": "false",
        "up": "false",
        "west": "false"
      }
    },
    {
      "apply": [
        {
          "model": "minecraft:block/glow_lichen/side_1", "y": 90
        },
        {
          "model": "minecraft:block/glow_lichen/side_2", "y": 90
        },
        {
          "model": "minecraft:block/glow_lichen/side_3", "y": 90
        }
        ],
      "when": {
        "east": "true"
      }
    },
    {
      "apply": {
        "model": "minecraft:block/glow_lichen/side_1",
        "uvlock": false,
        "y": 90
      },
      "when": {
        "down": "false",
        "east": "false",
        "north": "false",
        "south": "false",
        "up": "false",
        "west": "false"
      }
    },
    {
      "apply": [
        {
          "model": "minecraft:block/glow_lichen/side_1", "y": 180
        },
        {
          "model": "minecraft:block/glow_lichen/side_2", "y": 180
        },
        {
          "model": "minecraft:block/glow_lichen/side_3", "y": 180
        }
        ],
      "when": {
        "south": "true"
      }
    },
    {
      "apply": [
        {
          "model": "minecraft:block/glow_lichen/side_1", "y": 180
        },
        {
          "model": "minecraft:block/glow_lichen/side_2", "y": 180
        },
        {
          "model": "minecraft:block/glow_lichen/side_3", "y": 180
        }
        ],
      "when": {
        "down": "false",
        "east": "false",
        "north": "false",
        "south": "false",
        "up": "false",
        "west": "false"
      }
    },
    {
      "apply": [
        {
          "model": "minecraft:block/glow_lichen/side_1", "y": 270
        },
        {
          "model": "minecraft:block/glow_lichen/side_2", "y": 270
        },
        {
          "model": "minecraft:block/glow_lichen/side_3", "y": 270
        }
        ],
      "when": {
        "west": "true"
      }
    },
    {
      "apply": {
        "model": "minecraft:block/glow_lichen/top_1",
        "uvlock": false
      },
      "when": {
        "down": "false",
        "east": "false",
        "north": "false",
        "south": "false",
        "up": "false",
        "west": "false"
      }
    },
    {
      "apply": [
        {
          "model": "minecraft:block/glow_lichen/top_1",
          "uvlock": false, "y": 90
        },
        {
          "model": "minecraft:block/glow_lichen/top_1",
          "uvlock": false, "y": 180
        },
        {
          "model": "minecraft:block/glow_lichen/top_1",
          "uvlock": false, "y": 270
        },
        {
          "model": "minecraft:block/glow_lichen/top_2",
          "uvlock": false
        },
        {
          "model": "minecraft:block/glow_lichen/top_2",
          "uvlock": false, "y": 90
        },
        {
          "model": "minecraft:block/glow_lichen/top_2",
          "uvlock": false, "y": 180
        },
        {
          "model": "minecraft:block/glow_lichen/top_2",
          "uvlock": false, "y": 270
        },
        {
          "model": "minecraft:block/glow_lichen/top_2",
          "uvlock": false
        },
        {
          "model": "minecraft:block/glow_lichen/top_2",
          "uvlock": false, "y": 270
        },
        {
          "model": "minecraft:block/glow_lichen/top_2",
          "uvlock": false, "y": 180
        },
        {
          "model": "minecraft:block/glow_lichen/top_2",
          "uvlock": false, "y": 90
        }
        ],
      "when": {
        "up": "true"
      }
    },
    {
      "apply": {
        "model": "minecraft:block/glow_lichen/side_1",
        "uvlock": false,
        "x": 270
      },
      "when": {
        "down": "false",
        "east": "false",
        "north": "false",
        "south": "false",
        "up": "false",
        "west": "false"
      }
    },
    {
      "apply": [
      {
        "model": "minecraft:block/glow_lichen/bottom_1",
        "uvlock": false, "y": 90
      },
      {
        "model": "minecraft:block/glow_lichen/bottom_1",
        "uvlock": false, "y": 180
      },
      {
        "model": "minecraft:block/glow_lichen/bottom_1",
        "uvlock": false, "y": 270
      },
      {
        "model": "minecraft:block/glow_lichen/bottom_2",
        "uvlock": false
      },
      {
        "model": "minecraft:block/glow_lichen/bottom_2",
        "uvlock": false, "y": 90
      },
      {
        "model": "minecraft:block/glow_lichen/bottom_2",
        "uvlock": false, "y": 180
      },
      {
        "model": "minecraft:block/glow_lichen/bottom_2",
        "uvlock": false, "y": 270
      },
      {
        "model": "minecraft:block/glow_lichen/bottom_2",
        "uvlock": false
      },
      {
        "model": "minecraft:block/glow_lichen/bottom_2",
        "uvlock": false, "y": 270
      },
      {
        "model": "minecraft:block/glow_lichen/bottom_2",
        "uvlock": false, "y": 180
      },
      {
        "model": "minecraft:block/glow_lichen/bottom_2",
        "uvlock": false, "y": 90
      }
      ],
      "when": {
        "down": "true"
      }
    },
    {
      "apply": {
        "model": "minecraft:block/glow_lichen/bottom_1",
        "uvlock": false
      },
      "when": {
        "down": "false",
        "east": "false",
        "north": "false",
        "south": "false",
        "up": "false",
        "west": "false"
      }
    }
  ]
}