{
    "__comment": "Aetheris_ex 2022",
    "variants": {
        "": [
            { "model": "minecraft:block/grass/grass_1", "weight": 10 },
            { "model": "minecraft:block/grass/grass_1", "weight": 10, "y": 90 },
            { "model": "minecraft:block/grass/grass_1", "weight": 10, "y": 180 },
            { "model": "minecraft:block/grass/grass_1", "weight": 10, "y": 270 },
            { "model": "minecraft:block/grass/grass_2", "weight": 10 },
            { "model": "minecraft:block/grass/grass_2", "weight": 10, "y": 90 },
            { "model": "minecraft:block/grass/grass_2", "weight": 10, "y": 180 },
            { "model": "minecraft:block/grass/grass_2", "weight": 10, "y": 270 },
            { "model": "minecraft:block/grass/grass_3", "weight": 10 },
            { "model": "minecraft:block/grass/grass_3", "weight": 10, "y": 90 },
            { "model": "minecraft:block/grass/grass_3", "weight": 10, "y": 180 },
            { "model": "minecraft:block/grass/grass_3", "weight": 10, "y": 270 },
            { "model": "minecraft:block/grass/grass_4", "weight": 10 },
            { "model": "minecraft:block/grass/grass_4", "weight": 10, "y": 90 },
            { "model": "minecraft:block/grass/grass_4", "weight": 10, "y": 180 },
            { "model": "minecraft:block/grass/grass_4", "weight": 10, "y": 270 }
        ]
    }
}
