{
  "variants": {
    "facing=east": [
      {
      "model": "minecraft:block/jack_o_lantern_1",
      "y": 90 },
      {
       "model": "minecraft:block/jack_o_lantern_2",
      "y": 90 },
      {
        "model": "minecraft:block/jack_o_lantern_3",
       "y": 90 },
       {
        "model": "minecraft:block/jack_o_lantern_4",
       "y": 90 },
       {
        "model": "minecraft:block/jack_o_lantern_5",
       "y": 90 }
      ],
    "facing=north": [
      {
      "model": "minecraft:block/jack_o_lantern_1" },
      {
       "model": "minecraft:block/jack_o_lantern_2" },
      {
        "model": "minecraft:block/jack_o_lantern_3" },
       {
        "model": "minecraft:block/jack_o_lantern_4" },
       {
        "model": "minecraft:block/jack_o_lantern_5" }
      ],
    "facing=south": [
      {
      "model": "minecraft:block/jack_o_lantern_1",
      "y": 180 },
      {
       "model": "minecraft:block/jack_o_lantern_2",
      "y": 180 },
      {
        "model": "minecraft:block/jack_o_lantern_3",
       "y": 180 },
       {
        "model": "minecraft:block/jack_o_lantern_4",
       "y": 180 },
       {
        "model": "minecraft:block/jack_o_lantern_5",
       "y": 180 }
      ],
    "facing=west": [
      {
      "model": "minecraft:block/jack_o_lantern_1",
      "y": 270 },
      {
       "model": "minecraft:block/jack_o_lantern_2",
      "y":270 },
      {
        "model": "minecraft:block/jack_o_lantern_3",
       "y": 270 },
       {
        "model": "minecraft:block/jack_o_lantern_4",
       "y": 270 },
       {
        "model": "minecraft:block/jack_o_lantern_5",
       "y": 270 }
      ]
  }
}