{
	"variants": {
		"half=lower":[
            { "model": "block/fern/fern_1" },
            { "model": "block/fern/fern_1", "y": 90 },
            { "model": "block/fern/fern_1", "y": 180 },
            { "model": "block/fern/fern_1", "y": 270 },
            { "model": "block/fern/fern_2" },
            { "model": "block/fern/fern_2", "y": 90 },
            { "model": "block/fern/fern_2", "y": 180 },
            { "model": "block/fern/fern_2", "y": 270 },
            { "model": "block/fern/fern_3" },
            { "model": "block/fern/fern_3", "y": 90 },
            { "model": "block/fern/fern_3", "y": 180 },
            { "model": "block/fern/fern_3", "y": 270 }
			],
		"half=upper":[
            { "model": "block/fern/fern_big_1" },
            { "model": "block/fern/fern_big_1", "y": 90 },
            { "model": "block/fern/fern_big_1", "y": 180 },
            { "model": "block/fern/fern_big_1", "y": 270 },
            { "model": "block/fern/fern_big_2" },
            { "model": "block/fern/fern_big_2", "y": 90 },
            { "model": "block/fern/fern_big_2", "y": 180 },
            { "model": "block/fern/fern_big_2", "y": 270 },
            { "model": "block/fern/fern_big_3" },
            { "model": "block/fern/fern_big_3", "y": 90 },
            { "model": "block/fern/fern_big_3", "y": 180 },
            { "model": "block/fern/fern_big_3", "y": 270 }
			]
    }
}
