{
  "variants": {
    "": [
      {
        "model": "minecraft:block/lily_pad"
      },
      {
        "model": "minecraft:block/lily_pad",
        "y": 90
      },
      {
        "model": "minecraft:block/lily_pad",
        "y": 180
      },
      {
        "model": "minecraft:block/lily_pad",
        "y": 270
      },
      {
        "model": "minecraft:block/lily_pad_1"
      },
      {
        "model": "minecraft:block/lily_pad_1",
        "y": 90
      },
      {
        "model": "minecraft:block/lily_pad_1",
        "y": 180
      },
      {
        "model": "minecraft:block/lily_pad_1",
        "y": 270
      }
    ]
  }
}