{
    "__comment": "_Aetheris - 2023",
    "variants": {
        "type=bottom": [
            { "model": "minecraft:block/mangrove_planks/slab/mangrove_planks_slab_bottom_1", "weight": 10 },
            { "model": "minecraft:block/mangrove_planks/slab/mangrove_planks_slab_bottom_2", "weight": 10 },
            { "model": "minecraft:block/mangrove_planks/slab/mangrove_planks_slab_bottom_3", "weight": 12 }
        ],
        "type=top": [
            { "model": "minecraft:block/mangrove_planks/slab/mangrove_planks_slab_top_1", "weight": 10 },
            { "model": "minecraft:block/mangrove_planks/slab/mangrove_planks_slab_top_2", "weight": 11 },
            { "model": "minecraft:block/mangrove_planks/slab/mangrove_planks_slab_top_3", "weight": 10 }
        ],
        "type=double": [
            { "model": "minecraft:block/mangrove_planks/mangrove_planks_1", "weight": 13 },
            { "model": "minecraft:block/mangrove_planks/mangrove_planks_2", "weight": 12 },
            { "model": "minecraft:block/mangrove_planks/mangrove_planks_3", "weight": 10 }
        ]
    }
}
