{
    "__comment": "Aetheris_ex 2022",
    "variants": {
        "facing=east,half=bottom,shape=straight": [
        { "model": "minecraft:block/mossy_cobblestone_stairs/mossy_cobblestone_stairs_1" },
        { "model": "minecraft:block/mossy_cobblestone_stairs/mossy_cobblestone_stairs_2" },
        { "model": "minecraft:block/mossy_cobblestone_stairs/mossy_cobblestone_stairs_3" }
        ],
        "facing=west,half=bottom,shape=straight": [
        { "model": "minecraft:block/mossy_cobblestone_stairs/mossy_cobblestone_stairs_1", "y": 180, "uvlock": true },
        { "model": "minecraft:block/mossy_cobblestone_stairs/mossy_cobblestone_stairs_2", "y": 180, "uvlock": true },
        { "model": "minecraft:block/mossy_cobblestone_stairs/mossy_cobblestone_stairs_3", "y": 180, "uvlock": true }
        ],
        "facing=south,half=bottom,shape=straight": [
        { "model": "minecraft:block/mossy_cobblestone_stairs/mossy_cobblestone_stairs_1", "y": 90, "uvlock": true },
        { "model": "minecraft:block/mossy_cobblestone_stairs/mossy_cobblestone_stairs_2", "y": 90, "uvlock": true },
        { "model": "minecraft:block/mossy_cobblestone_stairs/mossy_cobblestone_stairs_3", "y": 90, "uvlock": true }
        ],
        "facing=north,half=bottom,shape=straight": [
        { "model": "minecraft:block/mossy_cobblestone_stairs/mossy_cobblestone_stairs_1", "y": 270, "uvlock": true },
        { "model": "minecraft:block/mossy_cobblestone_stairs/mossy_cobblestone_stairs_2", "y": 270, "uvlock": true },
        { "model": "minecraft:block/mossy_cobblestone_stairs/mossy_cobblestone_stairs_3", "y": 270, "uvlock": true }
        ],
        "facing=east,half=bottom,shape=outer_right": [
        { "model": "minecraft:block/mossy_cobblestone_stairs/mossy_cobblestone_stairs_outer_1" },
        { "model": "minecraft:block/mossy_cobblestone_stairs/mossy_cobblestone_stairs_outer_2" },
        { "model": "minecraft:block/mossy_cobblestone_stairs/mossy_cobblestone_stairs_outer_3" }
        ],
        "facing=west,half=bottom,shape=outer_right": [
        { "model": "minecraft:block/mossy_cobblestone_stairs/mossy_cobblestone_stairs_outer_1", "y": 180, "uvlock": true },
        { "model": "minecraft:block/mossy_cobblestone_stairs/mossy_cobblestone_stairs_outer_2", "y": 180, "uvlock": true },
        { "model": "minecraft:block/mossy_cobblestone_stairs/mossy_cobblestone_stairs_outer_3", "y": 180, "uvlock": true }
        ],
        "facing=south,half=bottom,shape=outer_right": [
        { "model": "minecraft:block/mossy_cobblestone_stairs/mossy_cobblestone_stairs_outer_1", "y": 90, "uvlock": true },
        { "model": "minecraft:block/mossy_cobblestone_stairs/mossy_cobblestone_stairs_outer_2", "y": 90, "uvlock": true },
        { "model": "minecraft:block/mossy_cobblestone_stairs/mossy_cobblestone_stairs_outer_3", "y": 90, "uvlock": true }
        ],
        "facing=north,half=bottom,shape=outer_right": [
        { "model": "minecraft:block/mossy_cobblestone_stairs/mossy_cobblestone_stairs_outer_1", "y": 270, "uvlock": true },
        { "model": "minecraft:block/mossy_cobblestone_stairs/mossy_cobblestone_stairs_outer_2", "y": 270, "uvlock": true },
        { "model": "minecraft:block/mossy_cobblestone_stairs/mossy_cobblestone_stairs_outer_3", "y": 270, "uvlock": true }
        ],
        "facing=east,half=bottom,shape=outer_left": [
        { "model": "minecraft:block/mossy_cobblestone_stairs/mossy_cobblestone_stairs_outer_1", "y": 270, "uvlock": true },
        { "model": "minecraft:block/mossy_cobblestone_stairs/mossy_cobblestone_stairs_outer_2", "y": 270, "uvlock": true },
        { "model": "minecraft:block/mossy_cobblestone_stairs/mossy_cobblestone_stairs_outer_3", "y": 270, "uvlock": true }
        ],
        "facing=west,half=bottom,shape=outer_left": [
        { "model": "minecraft:block/mossy_cobblestone_stairs/mossy_cobblestone_stairs_outer_1", "y": 90, "uvlock": true },
        { "model": "minecraft:block/mossy_cobblestone_stairs/mossy_cobblestone_stairs_outer_2", "y": 90, "uvlock": true },
        { "model": "minecraft:block/mossy_cobblestone_stairs/mossy_cobblestone_stairs_outer_3", "y": 90, "uvlock": true }
        ],
        "facing=south,half=bottom,shape=outer_left": [
        { "model": "minecraft:block/mossy_cobblestone_stairs/mossy_cobblestone_stairs_outer_1" },
        { "model": "minecraft:block/mossy_cobblestone_stairs/mossy_cobblestone_stairs_outer_2" },
        { "model": "minecraft:block/mossy_cobblestone_stairs/mossy_cobblestone_stairs_outer_3" }
        ],
        "facing=north,half=bottom,shape=outer_left": [
        { "model": "minecraft:block/mossy_cobblestone_stairs/mossy_cobblestone_stairs_outer_1", "y": 180, "uvlock": true },
        { "model": "minecraft:block/mossy_cobblestone_stairs/mossy_cobblestone_stairs_outer_2", "y": 180, "uvlock": true },
        { "model": "minecraft:block/mossy_cobblestone_stairs/mossy_cobblestone_stairs_outer_3", "y": 180, "uvlock": true }
        ],
        "facing=east,half=bottom,shape=inner_right": [
        { "model": "minecraft:block/mossy_cobblestone_stairs/mossy_cobblestone_stairs_inner_1" },
        { "model": "minecraft:block/mossy_cobblestone_stairs/mossy_cobblestone_stairs_inner_2" },
        { "model": "minecraft:block/mossy_cobblestone_stairs/mossy_cobblestone_stairs_inner_3" }
        ],
        "facing=west,half=bottom,shape=inner_right": [
        { "model": "minecraft:block/mossy_cobblestone_stairs/mossy_cobblestone_stairs_inner_1", "y": 180, "uvlock": true },
        { "model": "minecraft:block/mossy_cobblestone_stairs/mossy_cobblestone_stairs_inner_2", "y": 180, "uvlock": true },
        { "model": "minecraft:block/mossy_cobblestone_stairs/mossy_cobblestone_stairs_inner_3", "y": 180, "uvlock": true }
        ],
        "facing=south,half=bottom,shape=inner_right": [
        { "model": "minecraft:block/mossy_cobblestone_stairs/mossy_cobblestone_stairs_inner_1", "y": 90, "uvlock": true },
        { "model": "minecraft:block/mossy_cobblestone_stairs/mossy_cobblestone_stairs_inner_2", "y": 90, "uvlock": true },
        { "model": "minecraft:block/mossy_cobblestone_stairs/mossy_cobblestone_stairs_inner_3", "y": 90, "uvlock": true }
        ],
        "facing=north,half=bottom,shape=inner_right": [
        { "model": "minecraft:block/mossy_cobblestone_stairs/mossy_cobblestone_stairs_inner_1", "y": 270, "uvlock": true },
        { "model": "minecraft:block/mossy_cobblestone_stairs/mossy_cobblestone_stairs_inner_2", "y": 270, "uvlock": true },
        { "model": "minecraft:block/mossy_cobblestone_stairs/mossy_cobblestone_stairs_inner_3", "y": 270, "uvlock": true }
        ],
        "facing=east,half=bottom,shape=inner_left": [
        { "model": "minecraft:block/mossy_cobblestone_stairs/mossy_cobblestone_stairs_inner_1", "y": 270, "uvlock": true },
        { "model": "minecraft:block/mossy_cobblestone_stairs/mossy_cobblestone_stairs_inner_2", "y": 270, "uvlock": true },
        { "model": "minecraft:block/mossy_cobblestone_stairs/mossy_cobblestone_stairs_inner_3", "y": 270, "uvlock": true }
        ],
        "facing=west,half=bottom,shape=inner_left": [
        { "model": "minecraft:block/mossy_cobblestone_stairs/mossy_cobblestone_stairs_inner_1", "y": 90, "uvlock": true },
        { "model": "minecraft:block/mossy_cobblestone_stairs/mossy_cobblestone_stairs_inner_2", "y": 90, "uvlock": true },
        { "model": "minecraft:block/mossy_cobblestone_stairs/mossy_cobblestone_stairs_inner_3", "y": 90, "uvlock": true }
        ],
        "facing=south,half=bottom,shape=inner_left": [
        { "model": "minecraft:block/mossy_cobblestone_stairs/mossy_cobblestone_stairs_inner_1" },
        { "model": "minecraft:block/mossy_cobblestone_stairs/mossy_cobblestone_stairs_inner_2" },
        { "model": "minecraft:block/mossy_cobblestone_stairs/mossy_cobblestone_stairs_inner_3" }
        ],
        "facing=north,half=bottom,shape=inner_left": [
        { "model": "minecraft:block/mossy_cobblestone_stairs/mossy_cobblestone_stairs_inner_1", "y": 180, "uvlock": true },
        { "model": "minecraft:block/mossy_cobblestone_stairs/mossy_cobblestone_stairs_inner_2", "y": 180, "uvlock": true },
        { "model": "minecraft:block/mossy_cobblestone_stairs/mossy_cobblestone_stairs_inner_3", "y": 180, "uvlock": true }
        ],
        "facing=east,half=top,shape=straight": [
        { "model": "minecraft:block/mossy_cobblestone_stairs/mossy_cobblestone_stairs_1", "x": 180, "uvlock": true },
        { "model": "minecraft:block/mossy_cobblestone_stairs/mossy_cobblestone_stairs_2", "x": 180, "uvlock": true },
        { "model": "minecraft:block/mossy_cobblestone_stairs/mossy_cobblestone_stairs_3", "x": 180, "uvlock": true }
        ],
        "facing=west,half=top,shape=straight": [
        { "model": "minecraft:block/mossy_cobblestone_stairs/mossy_cobblestone_stairs_1", "x": 180, "y": 180, "uvlock": true },
        { "model": "minecraft:block/mossy_cobblestone_stairs/mossy_cobblestone_stairs_2", "x": 180, "y": 180, "uvlock": true },
        { "model": "minecraft:block/mossy_cobblestone_stairs/mossy_cobblestone_stairs_3", "x": 180, "y": 180, "uvlock": true }
        ],
        "facing=south,half=top,shape=straight": [
        { "model": "minecraft:block/mossy_cobblestone_stairs/mossy_cobblestone_stairs_1", "x": 180, "y": 90, "uvlock": true },
        { "model": "minecraft:block/mossy_cobblestone_stairs/mossy_cobblestone_stairs_2", "x": 180, "y": 90, "uvlock": true },
        { "model": "minecraft:block/mossy_cobblestone_stairs/mossy_cobblestone_stairs_3", "x": 180, "y": 90, "uvlock": true }
        ],
        "facing=north,half=top,shape=straight": [
        { "model": "minecraft:block/mossy_cobblestone_stairs/mossy_cobblestone_stairs_1", "x": 180, "y": 270, "uvlock": true },
        { "model": "minecraft:block/mossy_cobblestone_stairs/mossy_cobblestone_stairs_2", "x": 180, "y": 270, "uvlock": true },
        { "model": "minecraft:block/mossy_cobblestone_stairs/mossy_cobblestone_stairs_3", "x": 180, "y": 270, "uvlock": true }
        ],
        "facing=east,half=top,shape=outer_right": [
        { "model": "minecraft:block/mossy_cobblestone_stairs/mossy_cobblestone_stairs_outer_1", "x": 180, "y": 90, "uvlock": true },
        { "model": "minecraft:block/mossy_cobblestone_stairs/mossy_cobblestone_stairs_outer_2", "x": 180, "y": 90, "uvlock": true },
        { "model": "minecraft:block/mossy_cobblestone_stairs/mossy_cobblestone_stairs_outer_3", "x": 180, "y": 90, "uvlock": true }
        ],
        "facing=west,half=top,shape=outer_right": [
        { "model": "minecraft:block/mossy_cobblestone_stairs/mossy_cobblestone_stairs_outer_1", "x": 180, "y": 270, "uvlock": true },
        { "model": "minecraft:block/mossy_cobblestone_stairs/mossy_cobblestone_stairs_outer_2", "x": 180, "y": 270, "uvlock": true },
        { "model": "minecraft:block/mossy_cobblestone_stairs/mossy_cobblestone_stairs_outer_3", "x": 180, "y": 270, "uvlock": true }
        ],
        "facing=south,half=top,shape=outer_right": [
        { "model": "minecraft:block/mossy_cobblestone_stairs/mossy_cobblestone_stairs_outer_1", "x": 180, "y": 180, "uvlock": true },
        { "model": "minecraft:block/mossy_cobblestone_stairs/mossy_cobblestone_stairs_outer_2", "x": 180, "y": 180, "uvlock": true },
        { "model": "minecraft:block/mossy_cobblestone_stairs/mossy_cobblestone_stairs_outer_3", "x": 180, "y": 180, "uvlock": true }
        ],
        "facing=north,half=top,shape=outer_right": [
        { "model": "minecraft:block/mossy_cobblestone_stairs/mossy_cobblestone_stairs_outer_1", "x": 180, "uvlock": true },
        { "model": "minecraft:block/mossy_cobblestone_stairs/mossy_cobblestone_stairs_outer_2", "x": 180, "uvlock": true },
        { "model": "minecraft:block/mossy_cobblestone_stairs/mossy_cobblestone_stairs_outer_3", "x": 180, "uvlock": true }
        ],
        "facing=east,half=top,shape=outer_left": [
        { "model": "minecraft:block/mossy_cobblestone_stairs/mossy_cobblestone_stairs_outer_1", "x": 180, "uvlock": true },
        { "model": "minecraft:block/mossy_cobblestone_stairs/mossy_cobblestone_stairs_outer_2", "x": 180, "uvlock": true },
        { "model": "minecraft:block/mossy_cobblestone_stairs/mossy_cobblestone_stairs_outer_3", "x": 180, "uvlock": true }
        ],
        "facing=west,half=top,shape=outer_left": [
        { "model": "minecraft:block/mossy_cobblestone_stairs/mossy_cobblestone_stairs_outer_1", "x": 180, "y": 180, "uvlock": true },
        { "model": "minecraft:block/mossy_cobblestone_stairs/mossy_cobblestone_stairs_outer_2", "x": 180, "y": 180, "uvlock": true },
        { "model": "minecraft:block/mossy_cobblestone_stairs/mossy_cobblestone_stairs_outer_3", "x": 180, "y": 180, "uvlock": true }
        ],
        "facing=south,half=top,shape=outer_left": [
        { "model": "minecraft:block/mossy_cobblestone_stairs/mossy_cobblestone_stairs_outer_1", "x": 180, "y": 90, "uvlock": true },
        { "model": "minecraft:block/mossy_cobblestone_stairs/mossy_cobblestone_stairs_outer_2", "x": 180, "y": 90, "uvlock": true },
        { "model": "minecraft:block/mossy_cobblestone_stairs/mossy_cobblestone_stairs_outer_3", "x": 180, "y": 90, "uvlock": true }
        ],
        "facing=north,half=top,shape=outer_left": [
        { "model": "minecraft:block/mossy_cobblestone_stairs/mossy_cobblestone_stairs_outer_1", "x": 180, "y": 270, "uvlock": true },
        { "model": "minecraft:block/mossy_cobblestone_stairs/mossy_cobblestone_stairs_outer_2", "x": 180, "y": 270, "uvlock": true },
        { "model": "minecraft:block/mossy_cobblestone_stairs/mossy_cobblestone_stairs_outer_3", "x": 180, "y": 270, "uvlock": true }
        ],
        "facing=east,half=top,shape=inner_right": [
        { "model": "minecraft:block/mossy_cobblestone_stairs/mossy_cobblestone_stairs_inner_1", "x": 180, "y": 90, "uvlock": true },
        { "model": "minecraft:block/mossy_cobblestone_stairs/mossy_cobblestone_stairs_inner_2", "x": 180, "y": 90, "uvlock": true },
        { "model": "minecraft:block/mossy_cobblestone_stairs/mossy_cobblestone_stairs_inner_3", "x": 180, "y": 90, "uvlock": true }
        ],
        "facing=west,half=top,shape=inner_right": [
        { "model": "minecraft:block/mossy_cobblestone_stairs/mossy_cobblestone_stairs_inner_1", "x": 180, "y": 270, "uvlock": true },
        { "model": "minecraft:block/mossy_cobblestone_stairs/mossy_cobblestone_stairs_inner_2", "x": 180, "y": 270, "uvlock": true },
        { "model": "minecraft:block/mossy_cobblestone_stairs/mossy_cobblestone_stairs_inner_3", "x": 180, "y": 270, "uvlock": true }
        ],
        "facing=south,half=top,shape=inner_right": [
        { "model": "minecraft:block/mossy_cobblestone_stairs/mossy_cobblestone_stairs_inner_1", "x": 180, "y": 180, "uvlock": true },
        { "model": "minecraft:block/mossy_cobblestone_stairs/mossy_cobblestone_stairs_inner_2", "x": 180, "y": 180, "uvlock": true },
        { "model": "minecraft:block/mossy_cobblestone_stairs/mossy_cobblestone_stairs_inner_3", "x": 180, "y": 180, "uvlock": true }
        ],
        "facing=north,half=top,shape=inner_right": [
        { "model": "minecraft:block/mossy_cobblestone_stairs/mossy_cobblestone_stairs_inner_1", "x": 180, "uvlock": true },
        { "model": "minecraft:block/mossy_cobblestone_stairs/mossy_cobblestone_stairs_inner_2", "x": 180, "uvlock": true },
        { "model": "minecraft:block/mossy_cobblestone_stairs/mossy_cobblestone_stairs_inner_3", "x": 180, "uvlock": true }
        ],
        "facing=east,half=top,shape=inner_left": [
        { "model": "minecraft:block/mossy_cobblestone_stairs/mossy_cobblestone_stairs_inner_1", "x": 180, "uvlock": true },
        { "model": "minecraft:block/mossy_cobblestone_stairs/mossy_cobblestone_stairs_inner_2", "x": 180, "uvlock": true },
        { "model": "minecraft:block/mossy_cobblestone_stairs/mossy_cobblestone_stairs_inner_3", "x": 180, "uvlock": true }
        ],
        "facing=west,half=top,shape=inner_left": [
        { "model": "minecraft:block/mossy_cobblestone_stairs/mossy_cobblestone_stairs_inner_1", "x": 180, "y": 180, "uvlock": true },
        { "model": "minecraft:block/mossy_cobblestone_stairs/mossy_cobblestone_stairs_inner_2", "x": 180, "y": 180, "uvlock": true },
        { "model": "minecraft:block/mossy_cobblestone_stairs/mossy_cobblestone_stairs_inner_3", "x": 180, "y": 180, "uvlock": true }
        ],
        "facing=south,half=top,shape=inner_left": [
        { "model": "minecraft:block/mossy_cobblestone_stairs/mossy_cobblestone_stairs_inner_1", "x": 180, "y": 90, "uvlock": true },
        { "model": "minecraft:block/mossy_cobblestone_stairs/mossy_cobblestone_stairs_inner_2", "x": 180, "y": 90, "uvlock": true },
        { "model": "minecraft:block/mossy_cobblestone_stairs/mossy_cobblestone_stairs_inner_3", "x": 180, "y": 90, "uvlock": true }
        ],
        "facing=north,half=top,shape=inner_left": [
        { "model": "minecraft:block/mossy_cobblestone_stairs/mossy_cobblestone_stairs_inner_1", "x": 180, "y": 270, "uvlock": true },
        { "model": "minecraft:block/mossy_cobblestone_stairs/mossy_cobblestone_stairs_inner_2", "x": 180, "y": 270, "uvlock": true },
        { "model": "minecraft:block/mossy_cobblestone_stairs/mossy_cobblestone_stairs_inner_3", "x": 180, "y": 270, "uvlock": true }
        ]
    }
}
