{
    "variants": {
        "": [
            { "model": "block/flowers/daisy/daisy_1" },
            { "model": "block/flowers/daisy/daisy_1", "y": 90 },
            { "model": "block/flowers/daisy/daisy_1", "y": 180 },
            { "model": "block/flowers/daisy/daisy_1", "y": 270 },
            { "model": "block/flowers/daisy/daisy_2" },
            { "model": "block/flowers/daisy/daisy_2", "y": 90 },
            { "model": "block/flowers/daisy/daisy_2", "y": 180 },
            { "model": "block/flowers/daisy/daisy_2", "y": 270 }
        ]
    }
}
