{
	"variants": {
		"half=lower":[
            { "model": "block/flowers/peony/peony_bottom" },
            { "model": "block/flowers/peony/peony_bottom", "y": 90 },
            { "model": "block/flowers/peony/peony_bottom", "y": 180 },
            { "model": "block/flowers/peony/peony_bottom", "y": 270 }
			],
		"half=upper":[
            { "model": "block/flowers/peony/peony_top" },
            { "model": "block/flowers/peony/peony_top", "y": 90 },
            { "model": "block/flowers/peony/peony_top", "y": 180 },
            { "model": "block/flowers/peony/peony_top", "y": 270 }
			]
    }
}
