{
    "__comment": "Aetheris_ex 2023",
    "variants": {
        "": [
            { "model": "minecraft:block/polished_diorite/polished_diorite_1", "weight": 1 },
            { "model": "minecraft:block/polished_diorite/polished_diorite_2", "weight": 1 },
            { "model": "minecraft:block/polished_diorite/polished_diorite_3", "weight": 1 },
            { "model": "minecraft:block/polished_diorite/polished_diorite_4", "weight": 1 },
            { "model": "minecraft:block/polished_diorite/polished_diorite_5", "weight": 1 }
        ]
    }
}
