{
    "__comment": "_Aetheris - 2023",
    "variants": {
        "type=bottom": [
            { "model": "minecraft:block/diorite_slab/diorite_slab_bottom_1", "weight": 1 },
            { "model": "minecraft:block/diorite_slab/diorite_slab_bottom_2", "weight": 1 },
            { "model": "minecraft:block/diorite_slab/diorite_slab_bottom_3", "weight": 1 }
        ],
        "type=top": [
            { "model": "minecraft:block/diorite_slab/diorite_slab_top_1", "weight": 1 },
            { "model": "minecraft:block/diorite_slab/diorite_slab_top_2", "weight": 1 },
            { "model": "minecraft:block/diorite_slab/diorite_slab_top_3", "weight": 1 }
        ],
        "type=double": [
            { "model": "minecraft:block/diorite_slab/diorite_slab_double_1", "weight": 1 },
            { "model": "minecraft:block/diorite_slab/diorite_slab_double_2", "weight": 1 },
            { "model": "minecraft:block/diorite_slab/diorite_slab_double_3", "weight": 1 }
        ]
    }
}
