{
    "variants": {
        "": [
            { "model": "block/flowers/poppy/poppy_1" },
            { "model": "block/flowers/poppy/poppy_1", "y": 90 },
            { "model": "block/flowers/poppy/poppy_1", "y": 180 },
            { "model": "block/flowers/poppy/poppy_1", "y": 270 },
            { "model": "block/flowers/poppy/poppy_2" },
            { "model": "block/flowers/poppy/poppy_2", "y": 90 },
            { "model": "block/flowers/poppy/poppy_2", "y": 180 },
            { "model": "block/flowers/poppy/poppy_2", "y": 270 },
            { "model": "block/flowers/poppy/poppy_3" },
            { "model": "block/flowers/poppy/poppy_3", "y": 90 },
            { "model": "block/flowers/poppy/poppy_3", "y": 180 },
            { "model": "block/flowers/poppy/poppy_3", "y": 270 }
        ]
    }
}
