{
    "__comment": "_Aetheris - 2023",
    "variants": {
        "type=bottom": [
            { "model": "minecraft:block/quartz_block/slab/quartz_slab_bottom_1", "weight": 10 },
            { "model": "minecraft:block/quartz_block/slab/quartz_slab_bottom_2", "weight": 10 },
            { "model": "minecraft:block/quartz_block/slab/quartz_slab_bottom_3", "weight": 12 }
        ],
        "type=top": [
            { "model": "minecraft:block/quartz_block/slab/quartz_slab_top_1", "weight": 10 },
            { "model": "minecraft:block/quartz_block/slab/quartz_slab_top_2", "weight": 11 },
            { "model": "minecraft:block/quartz_block/slab/quartz_slab_top_3", "weight": 10 }
        ],
        "type=double": [
            { "model": "minecraft:block/quartz_block/quartz_block_1", "weight": 13 },
            { "model": "minecraft:block/quartz_block/quartz_block_2", "weight": 12 },
            { "model": "minecraft:block/quartz_block/quartz_block_3", "weight": 10 }
        ]
    }
}
