{
    "__comment": "Aetheris_2022",
    "variants": {
        "axis=x": [
            { "model": "minecraft:block/stripped_acacia_log/stripped_acacia_log_horizontal_1", "x": 90, "y": 90 },
            { "model": "minecraft:block/stripped_acacia_log/stripped_acacia_log_horizontal_2", "x": 90, "y": 90 },
            { "model": "minecraft:block/stripped_acacia_log/stripped_acacia_log_horizontal_3", "x": 90, "y": 90 }
        ],
        "axis=y": [
            { "model": "minecraft:block/stripped_acacia_log/stripped_acacia_log_1" },
            { "model": "minecraft:block/stripped_acacia_log/stripped_acacia_log_2" },
            { "model": "minecraft:block/stripped_acacia_log/stripped_acacia_log_3" }
        ],
        "axis=z": [
            { "model": "minecraft:block/stripped_acacia_log/stripped_acacia_log_horizontal_1", "x": 90 },
            { "model": "minecraft:block/stripped_acacia_log/stripped_acacia_log_horizontal_2", "x": 90 },
            { "model": "minecraft:block/stripped_acacia_log/stripped_acacia_log_horizontal_3", "x": 90 }
        ]
    }
}
