{
    "__comment": "_Aetheris",
    "multipart": [
        {   "when": { "up": "true" },
            "apply": [
            { "model": "minecraft:block/vine/vine_4", "x": 270, "uvlock": true },
            { "model": "minecraft:block/vine/vine_1", "x": 270, "uvlock": true },
            { "model": "minecraft:block/vine/vine_2", "x": 270, "uvlock": true },
            { "model": "minecraft:block/vine/vine_3", "x": 270, "uvlock": true }
            ]
        },
        {   "when": { "west": "true" },
            "apply": [
            { "model": "minecraft:block/vine/vine_4", "y": 270, "uvlock": true },
            { "model": "minecraft:block/vine/vine_1", "y": 270, "uvlock": true },
            { "model": "minecraft:block/vine/vine_2", "y": 270, "uvlock": true },
            { "model": "minecraft:block/vine/vine_3", "y": 270, "uvlock": true }
            ]
        },
        {   "when": { "east": "true" },
            "apply": [
            { "model": "minecraft:block/vine/vine_4", "y": 90, "uvlock": true },
            { "model": "minecraft:block/vine/vine_1", "y": 90, "uvlock": true },
            { "model": "minecraft:block/vine/vine_2", "y": 90, "uvlock": true },
            { "model": "minecraft:block/vine/vine_3", "y": 90, "uvlock": true }
            ]
        },
        {   "when": { "south": "true" },
            "apply": [
            { "model": "minecraft:block/vine/vine_4", "y": 180, "uvlock": true },
            { "model": "minecraft:block/vine/vine_1", "y": 180, "uvlock": true },
            { "model": "minecraft:block/vine/vine_2", "y": 180, "uvlock": true },
            { "model": "minecraft:block/vine/vine_3", "y": 180, "uvlock": true }
            ]
        },
        {   "when": { "north": "true" },
            "apply": [
            { "model": "minecraft:block/vine/vine_4" },
            { "model": "minecraft:block/vine/vine_1" },
            { "model": "minecraft:block/vine/vine_2" },
            { "model": "minecraft:block/vine/vine_3" }
            ]
        }
    ]
}
