{
    "variants": {
        "age=0": { "model": "block/wheat_stage0" },
        "age=1": { "model": "block/wheat_stage1" },
        "age=2": { "model": "block/wheat_stage2" },
        "age=3": { "model": "block/wheat_stage3" },
        "age=4": { "model": "block/wheat_stage4" },
        "age=5": { "model": "block/wheat_stage5" },
        "age=6": { "model": "block/wheat_stage6" },
        "age=7": [
			{ "model": "block/wheat_stage7", "weight": 3 },
            { "model": "block/wheat_stage7", "weight": 3, "y": 90 },
            { "model": "block/wheat_stage7", "weight": 3, "y": 180 },
            { "model": "block/wheat_stage7", "weight": 3, "y": 270 },
            { "model": "block/wheat_stage7_1", "weight": 3, "y": 90 },
            { "model": "block/wheat_stage7_1", "weight": 3, "y": 180 },
            { "model": "block/wheat_stage7_1", "weight": 3, "y": 270 }
		]	
    }
}
