{
	"credit": "Made with Blockbench",
	"parent": "block/thin_block",
	"textures": {
		"0": "block/acacia_trapdoor/acacia_trapdoor",
		"1": "block/iron_door_side",
		"particle": "block/acacia_trapdoor/acacia_trapdoor"
	},
	"elements": [
		{
			"from": [0, 0, 13],
			"to": [16, 16, 16],
			"rotation": {"angle": 0, "axis": "x", "origin": [8, 0, 16]},
			"faces": {
				"north": {"uv": [0, 0, 16, 16], "rotation": 180, "texture": "#0"},
				"east": {"uv": [1.5, 0, 4.5, 16], "texture": "#1", "cullface": "east"},
				"south": {"uv": [0, 16, 16, 0], "texture": "#0", "cullface": "south"},
				"west": {"uv": [1.5, 0, 4.5, 16], "rotation": 180, "texture": "#1", "cullface": "west"},
				"up": {"uv": [1.5, 0, 4.5, 16], "rotation": 270, "texture": "#1", "cullface": "up"},
				"down": {"uv": [1.5, 0, 4.5, 16], "rotation": 90, "texture": "#1", "cullface": "down"}
			}
		}
	]
}