{
	"credit": "Made with Blockbench",
	"textures": {
		"1": "block/iron_door_side",
		"2": "block/acacia_door/acacia_door_bottom",
		"particle": "block/iron_door_side"
	},
	"elements": [
		{
			"from": [0, 0, 0],
			"to": [3, 16, 16],
			"faces": {
				"north": {"uv": [1.5, 0, 4.5, 16], "texture": "#1", "cullface": "south"},
				"east": {"uv": [16, 0, 0, 16], "texture": "#2"},
				"south": {"uv": [1.5, 0, 4.5, 16], "texture": "#1", "cullface": "south"},
				"west": {"uv": [0, 0, 16, 16], "texture": "#2", "cullface": "west"},
				"down": {"uv": [1.5, 0, 4.5, 16], "texture": "#1", "cullface": "south"}
			}
		}
	]
}