{
	"credit": "Made with Blockbench",
	"ambientocclusion": false,
	"textures": {
		"0": "block/amethyst/amethyst_cluster",
		"particle": "block/amethyst/amethyst_cluster"
	},
	"elements": [
		{
			"from": [8.25, -1.3, 2.25],
			"to": [11.25, 6.7, 5.25],
			"rotation": {"angle": -22.5, "axis": "x", "origin": [9.75, 4.7, 3.7513]},
			"faces": {
				"north": {"uv": [9.03906, 8, 12.03906, 16], "texture": "#0"},
				"east": {"uv": [1.03125, 8, 4.03125, 16], "texture": "#0"},
				"south": {"uv": [9.03906, 8, 12.03906, 16], "texture": "#0"},
				"west": {"uv": [1.03125, 8, 4.03125, 16], "texture": "#0"},
				"up": {"uv": [0.96875, 2.03125, 3.96875, 5.03125], "texture": "#0"}
			}
		},
		{
			"from": [8.275, 5.05263, 1.27551],
			"to": [11.225, 7.17763, 3.40051],
			"rotation": {"angle": 22.5, "axis": "x", "origin": [9.75, 4.7, 3.7513]},
			"faces": {
				"north": {"uv": [1.03125, 2.03125, 4.00625, 4.15625], "texture": "#0"},
				"east": {"uv": [1.65625, 2.25, 3.78125, 4.375], "texture": "#0"},
				"south": {"uv": [0, 0, 2.975, 2.125], "texture": "#0"},
				"west": {"uv": [3.78125, 2.25, 1.65625, 4.375], "texture": "#0"},
				"up": {"uv": [1.03125, 2.03125, 4.00625, 4.15625], "texture": "#0"}
			}
		},
		{
			"from": [6.31, -2.18, 11.48],
			"to": [9.13, 3.46, 14.3],
			"rotation": {"angle": 45, "axis": "x", "origin": [7.72, 2.05, 12.88878]},
			"faces": {
				"north": {"uv": [13, 10, 16, 16], "texture": "#0"},
				"east": {"uv": [5, 10, 8, 16], "texture": "#0"},
				"south": {"uv": [13, 10, 16, 16], "texture": "#0"},
				"west": {"uv": [5, 10, 8, 16], "texture": "#0"},
				"up": {"uv": [0.96875, 2.03125, 3.96875, 5.03125], "texture": "#0"}
			}
		},
		{
			"from": [6.3335, 2.04914, 12.88618],
			"to": [9.1065, 4.04664, 14.88368],
			"rotation": {"angle": 0, "axis": "x", "origin": [7.72, 2.05, 12.88878]},
			"faces": {
				"north": {"uv": [0, 0, 2.975, 2.125], "rotation": 180, "texture": "#0"},
				"east": {"uv": [1.65625, 2.25, 3.78125, 4.375], "rotation": 270, "texture": "#0"},
				"south": {"uv": [1.03125, 2.03125, 4.00625, 4.15625], "texture": "#0"},
				"west": {"uv": [3.78125, 2.25, 1.65625, 4.375], "rotation": 90, "texture": "#0"},
				"up": {"uv": [1.03125, 2.03125, 4.00625, 4.15625], "rotation": 180, "texture": "#0"}
			}
		},
		{
			"from": [6.565, -2.275, 1.79],
			"to": [9.295, 3.185, 4.52],
			"rotation": {"angle": -45, "axis": "x", "origin": [7.93, 1.82, 3.15382]},
			"faces": {
				"north": {"uv": [5, 10, 8, 16], "texture": "#0"},
				"east": {"uv": [13, 10, 16, 16], "texture": "#0"},
				"south": {"uv": [5, 10, 8, 16], "texture": "#0"},
				"west": {"uv": [13, 10, 16, 16], "texture": "#0"},
				"up": {"uv": [0.96875, 2.03125, 3.96875, 5.03125], "rotation": 90, "texture": "#0"}
			}
		},
		{
			"from": [6.58775, 1.81749, 1.2209],
			"to": [9.27225, 3.75124, 3.15465],
			"rotation": {"angle": 0, "axis": "x", "origin": [7.93, 1.82, 3.15382]},
			"faces": {
				"north": {"uv": [1.03125, 2.03125, 4.00625, 4.15625], "texture": "#0"},
				"east": {"uv": [1.65625, 2.25, 3.78125, 4.375], "texture": "#0"},
				"west": {"uv": [3.78125, 2.25, 1.65625, 4.375], "texture": "#0"},
				"up": {"uv": [1.03125, 2.03125, 4.00625, 4.15625], "texture": "#0"},
				"down": {"uv": [0, 0, 2.975, 2.125], "texture": "#0"}
			}
		},
		{
			"from": [4.5942, 3.60536, 4.50794],
			"to": [7.3082, 5.56036, 6.46294],
			"rotation": {"angle": 0, "axis": "x", "origin": [5.9512, 3.12, 6.95]},
			"faces": {
				"north": {"uv": [1.03125, 2.03125, 4.00625, 4.15625], "texture": "#0"},
				"east": {"uv": [9.6875, 2.25, 11.8125, 4.375], "texture": "#0"},
				"west": {"uv": [3.78125, 2.25, 1.65625, 4.375], "texture": "#0"},
				"up": {"uv": [1.03125, 2.03125, 4.00625, 4.15625], "texture": "#0"},
				"down": {"uv": [0, 0, 2.975, 2.125], "texture": "#0"}
			}
		},
		{
			"from": [4.5712, -3.09, 5.5712],
			"to": [7.3312, 5.19, 8.3312],
			"rotation": {"angle": -45, "axis": "x", "origin": [5.9512, 3.12, 6.95]},
			"faces": {
				"north": {"uv": [1.03125, 8, 4.03125, 16], "texture": "#0"},
				"east": {"uv": [9.03906, 8, 12.03906, 16], "texture": "#0"},
				"south": {"uv": [1.03125, 8, 4.03125, 16], "texture": "#0"},
				"west": {"uv": [9.03906, 7, 12.03906, 16], "texture": "#0"},
				"up": {"uv": [0.96875, 2.03125, 3.96875, 5.03125], "rotation": 90, "texture": "#0"}
			}
		},
		{
			"from": [7.24648, 0, 8.24908],
			"to": [10.24648, 9, 11.24908],
			"rotation": {"angle": 0, "axis": "y", "origin": [8.5, 4.97013, 9.49778]},
			"faces": {
				"north": {"uv": [9.03906, 7, 12.03906, 16], "texture": "#0"},
				"east": {"uv": [1.03125, 8, 4.03125, 16], "texture": "#0"},
				"south": {"uv": [9.03906, 8, 12.03906, 16], "texture": "#0"},
				"west": {"uv": [1.03125, 8, 4.03125, 16], "texture": "#0"},
				"up": {"uv": [0.96875, 2.03125, 3.96875, 5.03125], "rotation": 180, "texture": "#0"}
			}
		},
		{
			"from": [12.07438, 3.06884, 9.94027],
			"to": [13.96563, 4.96009, 12.56577],
			"rotation": {"angle": 22.5, "axis": "z", "origin": [8.3625, 4.42342, 9.25052]},
			"faces": {
				"north": {"uv": [3.78125, 2.25, 1.65625, 4.375], "texture": "#0"},
				"east": {"uv": [1.03125, 2.03125, 4.00625, 4.15625], "texture": "#0"},
				"south": {"uv": [1.65625, 2.25, 3.78125, 4.375], "texture": "#0"},
				"west": {"uv": [0, 0, 2.975, 2.125], "texture": "#0"},
				"up": {"uv": [1.03125, 2.03125, 4.00625, 4.15625], "rotation": 90, "texture": "#0"}
			}
		},
		{
			"from": [1.53909, 2.43645, 8.24778],
			"to": [4.53909, 8.43645, 11.24778],
			"rotation": {"angle": 45, "axis": "z", "origin": [8.5, 4.97013, 9.49778]},
			"faces": {
				"north": {"uv": [5, 10, 8, 16], "texture": "#0"},
				"east": {"uv": [13, 10, 16, 16], "texture": "#0"},
				"south": {"uv": [5, 10, 8, 16], "texture": "#0"},
				"west": {"uv": [13, 10, 16, 16], "texture": "#0"},
				"up": {"uv": [0.96875, 2.03125, 3.96875, 5.03125], "rotation": 90, "texture": "#0"}
			}
		},
		{
			"from": [1.12684, 2.49908, 8.27278],
			"to": [3.25184, 4.62408, 11.22278],
			"rotation": {"angle": 0, "axis": "x", "origin": [8.5, 4.97013, 9.49778]},
			"faces": {
				"north": {"uv": [3.78125, 2.25, 1.65625, 4.375], "rotation": 90, "texture": "#0"},
				"east": {"uv": [0, 0, 2.975, 2.125], "rotation": 180, "texture": "#0"},
				"south": {"uv": [1.65625, 2.25, 3.78125, 4.375], "rotation": 270, "texture": "#0"},
				"west": {"uv": [1.03125, 2.03125, 4.00625, 4.15625], "texture": "#0"},
				"up": {"uv": [1.03125, 2.03125, 4.00625, 4.15625], "rotation": 270, "texture": "#0"}
			}
		},
		{
			"from": [12.81056, 2.08159, 5.74778],
			"to": [15.81056, 8.08159, 8.74778],
			"rotation": {"angle": -45, "axis": "z", "origin": [8.5, 4.97013, 9.49778]},
			"faces": {
				"north": {"uv": [13, 10, 16, 16], "texture": "#0"},
				"east": {"uv": [5, 10, 8, 16], "texture": "#0"},
				"south": {"uv": [13, 10, 16, 16], "texture": "#0"},
				"west": {"uv": [5, 10, 8, 16], "texture": "#0"},
				"up": {"uv": [0.96875, 2.03125, 3.96875, 5.03125], "rotation": 180, "texture": "#0"}
			}
		},
		{
			"from": [13.74816, 1.99724, 5.77278],
			"to": [15.87316, 4.12224, 8.72278],
			"rotation": {"angle": 0, "axis": "x", "origin": [8.5, 4.97013, 9.49778]},
			"faces": {
				"north": {"uv": [3.78125, 2.25, 1.65625, 4.375], "texture": "#0"},
				"east": {"uv": [1.03125, 2.03125, 4.00625, 4.15625], "texture": "#0"},
				"south": {"uv": [1.65625, 2.25, 3.78125, 4.375], "texture": "#0"},
				"up": {"uv": [1.03125, 2.03125, 4.00625, 4.15625], "rotation": 90, "texture": "#0"},
				"down": {"uv": [0, 0, 2.975, 2.125], "rotation": 270, "texture": "#0"}
			}
		},
		{
			"from": [10.46317, 6.58105, 8.27408],
			"to": [12.58817, 8.70605, 11.22408],
			"rotation": {"angle": 45, "axis": "z", "origin": [8.5, 4.97013, 9.49778]},
			"faces": {
				"north": {"uv": [3.78125, 2.25, 1.65625, 4.375], "texture": "#0"},
				"east": {"uv": [1.03125, 2.03125, 4.00625, 4.15625], "texture": "#0"},
				"south": {"uv": [9.6875, 2.25, 11.8125, 4.375], "texture": "#0"},
				"up": {"uv": [1.03125, 2.03125, 4.00625, 4.15625], "rotation": 90, "texture": "#0"},
				"down": {"uv": [0, 0, 2.975, 2.125], "rotation": 270, "texture": "#0"}
			}
		},
		{
			"from": [10.61234, 0.3076, 9.91802],
			"to": [13.28234, 7.4276, 12.58802],
			"rotation": {"angle": -22.5, "axis": "z", "origin": [8.3625, 4.42342, 9.25052]},
			"faces": {
				"north": {"uv": [1.03125, 8, 4.03125, 16], "texture": "#0"},
				"east": {"uv": [9.03906, 8, 12.03906, 16], "texture": "#0"},
				"south": {"uv": [1.03125, 8, 4.03125, 16], "texture": "#0"},
				"west": {"uv": [9.03906, 8, 12.03906, 16], "texture": "#0"},
				"up": {"uv": [0.96875, 2.03125, 3.96875, 5.03125], "rotation": 90, "texture": "#0"}
			}
		}
	]
}