{
	"credit": "Made with Blockbench",
	"textures": {
		"1": "block/andesite_wall/wall_3",
		"3": "block/andesite_wall/wall_2",
		"particle": "block/andesite_wall/wall_2"
	},
	"elements": [
		{
			"name": "0",
			"from": [5.25, 12, 0],
			"to": [10.75, 15.4, 8],
			"faces": {
				"north": {"uv": [4.96875, 0, 10.96875, 3.05], "texture": "#3"},
				"east": {"uv": [8, 0, 16, 3], "texture": "#3"},
				"south": {"uv": [5, 0, 11, 3], "texture": "#3"},
				"west": {"uv": [0, 0, 8, 3], "texture": "#3"},
				"up": {"uv": [5.28125, 8, 10.78125, 16], "texture": "#1"},
				"down": {"uv": [5.28125, 0, 10.78125, 8], "texture": "#1"}
			}
		},
		{
			"name": "1",
			"from": [5.25, -1, 0],
			"to": [10.75, 2.4, 8],
			"faces": {
				"north": {"uv": [4.96875, 0, 10.96875, 3.05], "texture": "#3"},
				"east": {"uv": [8, 0, 16, 3], "texture": "#3"},
				"south": {"uv": [5, 0, 11, 3], "texture": "#3"},
				"west": {"uv": [0, 0, 8, 3], "texture": "#3"},
				"up": {"uv": [5.28125, 8, 10.78125, 16], "texture": "#1"},
				"down": {"uv": [5.28125, 0, 10.78125, 8], "texture": "#1"}
			}
		},
		{
			"name": "1",
			"from": [6.25, 0, 6],
			"to": [9.75, 12, 10],
			"faces": {
				"north": {"uv": [5.0625, 4, 9.5625, 16], "texture": "#3"},
				"east": {"uv": [5.0625, 3.875, 9.5625, 15.875], "texture": "#3"},
				"south": {"uv": [5.5625, 4, 9.0625, 16], "texture": "#3"},
				"west": {"uv": [5.0625, 3.875, 9.5625, 15.875], "texture": "#3"},
				"up": {"uv": [11.25, 3.65625, 15.25, 7.65625], "texture": "#3"},
				"down": {"uv": [11.25, 3.6875, 15.25, 7.6875], "texture": "#3", "cullface": "down"}
			}
		},
		{
			"name": "2",
			"from": [6.25, 2.4, 0],
			"to": [9.75, 12, 2],
			"faces": {
				"north": {"uv": [5.59375, 4, 9.09375, 13.6], "texture": "#3"},
				"east": {"uv": [5.34375, 3.9375, 7.34375, 13.5375], "texture": "#3"},
				"south": {"uv": [5.59375, 4, 9.09375, 13.6], "texture": "#3"},
				"west": {"uv": [7.375, 3.96875, 9.375, 13.56875], "texture": "#3"},
				"down": {"uv": [12, 10, 16, 12], "texture": "#3", "cullface": "down"}
			}
		}
	]
}