{
	"credit": "Made with Blockbench",
	"textures": {
		"2": "block/andesite_wall/wall_4",
		"particle": "block/andesite_wall/wall_4"
	},
	"elements": [
		{
			"from": [5, 0, 0],
			"to": [11, 16, 8],
			"faces": {
				"north": {"uv": [5.5, 0, 11.5, 16], "texture": "#2"},
				"east": {"uv": [16, 0, 8, 16], "texture": "#2"},
				"west": {"uv": [8, 0, 0, 16], "texture": "#2"},
				"up": {"uv": [5.46875, 8, 11.46875, 16], "texture": "#2"},
				"down": {"uv": [5.5, 0, 11.5, 8], "texture": "#2", "cullface": "down"}
			}
		}
	]
}