{
	"credit": "Made with Blockbench",
	"ambientocclusion": false,
	"textures": {
		"0": "block/dead_bush/dead_bush_1",
		"2": "block/azalea_leaves/azalea_leaves_1",
		"3": "block/azalea_leaves/azalea_leaves_2",
		"4": "block/azalea_leaves/azalea_leaves_4",
		"particle": "block/dead_bush/dead_bush_1"
	},
	"elements": [
		{
			"from": [8, 0, 0],
			"to": [8, 15, 15],
			"shade": false,
			"rotation": {"angle": 22.5, "axis": "y", "origin": [8, 7.5, 7.5]},
			"faces": {
				"east": {"uv": [0, 0, 16, 16], "texture": "#0"},
				"west": {"uv": [0, 0, 16, 16], "texture": "#0"}
			}
		},
		{
			"from": [0.5, 0, 7.5],
			"to": [15.5, 15, 7.5],
			"shade": false,
			"rotation": {"angle": 22.5, "axis": "y", "origin": [8, 7.5, 7.5]},
			"faces": {
				"north": {"uv": [0, 0, 16, 16], "texture": "#0"},
				"south": {"uv": [0, 0, 16, 16], "texture": "#0"}
			}
		},
		{
			"from": [-2, 4.58883, 4.07538],
			"to": [16, 22.58883, 4.07538],
			"shade": false,
			"rotation": {"angle": 22.5, "axis": "x", "origin": [7, 16.33883, 0.07538]},
			"faces": {
				"north": {"uv": [0, 0, 16, 16], "rotation": 180, "texture": "#2"},
				"south": {"uv": [0, 0, 16, 16], "rotation": 180, "texture": "#2"}
			}
		},
		{
			"from": [1, 5.83883, -1.42462],
			"to": [1, 22.83883, 15.57538],
			"shade": false,
			"rotation": {"angle": 45, "axis": "y", "origin": [7, 16.33883, 0.07538]},
			"faces": {
				"east": {"uv": [0, 0, 16, 16], "rotation": 180, "texture": "#4"},
				"west": {"uv": [0, 0, 16, 16], "rotation": 180, "texture": "#4"}
			}
		},
		{
			"from": [7, 5.83883, -0.93934],
			"to": [7, 22.83883, 16.06066],
			"shade": false,
			"rotation": {"angle": 0, "axis": "y", "origin": [7, 15.33883, 8.56066]},
			"faces": {
				"east": {"uv": [0, 0, 16, 16], "rotation": 180, "texture": "#2"},
				"west": {"uv": [0, 0, 16, 16], "rotation": 180, "texture": "#2"}
			}
		},
		{
			"from": [-0.5, 5.67462, 10.33883],
			"to": [16.5, 22.67462, 10.33883],
			"shade": false,
			"rotation": {"angle": -22.5, "axis": "x", "origin": [7, 14.92462, 16.33883]},
			"faces": {
				"north": {"uv": [0, 0, 16, 16], "texture": "#3"},
				"south": {"uv": [16, 0, 0, 16], "texture": "#3"}
			}
		},
		{
			"from": [0.5, 10.92462, -2.16117],
			"to": [17.5, 10.92462, 14.83883],
			"shade": false,
			"rotation": {"angle": -22.5, "axis": "z", "origin": [8, 7.92462, 7.33883]},
			"faces": {
				"up": {"uv": [16, 0, 0, 16], "texture": "#3"},
				"down": {"uv": [0, 0, 16, 16], "rotation": 180, "texture": "#3"}
			}
		},
		{
			"from": [2.41117, 5.42462, -0.75],
			"to": [2.41117, 22.42462, 16.25],
			"shade": false,
			"rotation": {"angle": -22.5, "axis": "z", "origin": [-0.83883, 14.92462, 6.5]},
			"faces": {
				"east": {"uv": [0, 0, 16, 16], "texture": "#2"},
				"west": {"uv": [0, 0, 16, 16], "texture": "#2"}
			}
		},
		{
			"from": [12.42462, 5.58883, -3],
			"to": [12.42462, 24.58883, 16],
			"shade": false,
			"rotation": {"angle": 22.5, "axis": "z", "origin": [15.42462, 16.33883, 6.5]},
			"faces": {
				"east": {"uv": [0, 16, 16, 0], "rotation": 180, "texture": "#4"},
				"west": {"uv": [0, 0, 16, 16], "rotation": 180, "texture": "#4"}
			}
		}
	],
	"display": {
		"thirdperson_righthand": {
			"scale": [0.25, 0.25, 0.25]
		},
		"thirdperson_lefthand": {
			"scale": [0.25, 0.25, 0.25]
		},
		"firstperson_righthand": {
			"scale": [0.4, 0.4, 0.4]
		},
		"firstperson_lefthand": {
			"scale": [0.4, 0.4, 0.4]
		},
		"ground": {
			"scale": [0.4, 0.4, 0.4]
		},
		"gui": {
			"rotation": [40, 40, 0],
			"translation": [0.5, -1.25, 0],
			"scale": [0.5, 0.5, 0.5]
		},
		"head": {
			"rotation": [0, 42, 0],
			"translation": [0, 5.25, 0]
		}
	}
}