{
	"credit": "Made with Blockbench",
	"textures": {
		"1": "block/bamboo_fence",
		"particle": "block/bamboo_fence"
	},
	"elements": [
		{
			"name": "top bar",
			"from": [7, 12, 7],
			"to": [16, 15, 9],
			"rotation": {"angle": 0, "axis": "y", "origin": [8, 0, 8]},
			"faces": {
				"north": {"uv": [0.40625, 16, 3.40625, 7], "rotation": 90, "texture": "#1"},
				"east": {"uv": [15, 4, 13, 7], "texture": "#1", "cullface": "west"},
				"south": {"uv": [0.40625, 7, 3.40625, 16], "rotation": 90, "texture": "#1"},
				"up": {"uv": [0.875, 16, 2.875, 7], "rotation": 270, "texture": "#1"},
				"down": {"uv": [0.875, 16, 2.875, 7], "rotation": 270, "texture": "#1"}
			}
		},
		{
			"name": "low bar",
			"from": [7, 6, 7],
			"to": [16, 9, 9],
			"rotation": {"angle": 0, "axis": "y", "origin": [8, 0, 8]},
			"faces": {
				"north": {"uv": [8.5, 16, 11.5, 7], "rotation": 90, "texture": "#1"},
				"east": {"uv": [15, 4, 13, 7], "texture": "#1", "cullface": "west"},
				"south": {"uv": [8.5, 7, 11.5, 16], "rotation": 90, "texture": "#1"},
				"up": {"uv": [9.03125, 16, 11.03125, 7], "rotation": 270, "texture": "#1"},
				"down": {"uv": [9.03125, 16, 11.03125, 7], "rotation": 270, "texture": "#1"}
			}
		}
	],
	"groups": [
		{
			"name": "west",
			"origin": [0, 0, 0],
			"color": 0,
			"children": [0, 1]
		}
	]
}