{
	"credit": "Made with Blockbench",
	"textures": {
		"1": "block/stripped_bamboo_block_top",
		"texture": "block/bamboo_fence",
		"particle": "block/stripped_bamboo_block_top"
	},
	"elements": [
		{
			"name": "Center post special",
			"from": [6, 0, 6],
			"to": [10, 16, 10],
			"faces": {
				"north": {"uv": [0, 0, 4, 16], "texture": "#texture"},
				"east": {"uv": [0, 0, 4, 16], "texture": "#texture"},
				"south": {"uv": [0, 0, 4, 16], "texture": "#texture"},
				"west": {"uv": [0, 0, 4, 16], "texture": "#texture"},
				"up": {"uv": [0, 0, 3.125, 3.1875], "texture": "#1", "cullface": "up"},
				"down": {"uv": [0, 0, 3.125, 3.1875], "texture": "#1", "cullface": "up"}
			}
		}
	]
}