{
	"credit": "Made with Blockbench",
	"ambientocclusion": false,
	"textures": {
		"particle": "block/bamboo_small_leaves",
		"texture": "block/bamboo_small_leaves"
	},
	"elements": [
		{
			"from": [-5.44672, -7.64, 6.68],
			"to": [21.44672, 22.2416, 6.68],
			"shade": false,
			"rotation": {"angle": 0, "axis": "y", "origin": [-6.9408, 0, -6.9408]},
			"faces": {
				"north": {"uv": [0, 0, 16, 16], "texture": "#texture", "tintindex": 0}
			}
		},
		{
			"from": [10.32, -7.64, -6.76672],
			"to": [10.32, 22.2416, 20.12672],
			"shade": false,
			"rotation": {"angle": 0, "axis": "y", "origin": [-6.9408, 0, -6.9408]},
			"faces": {
				"east": {"uv": [0, 0, 16, 16], "texture": "#texture", "tintindex": 0}
			}
		},
		{
			"from": [5.97, -7.64, -6.76672],
			"to": [5.97, 22.2416, 20.12672],
			"shade": false,
			"rotation": {"angle": 0, "axis": "y", "origin": [9.16, 10.3008, 6.84]},
			"faces": {
				"west": {"uv": [0, 0, 16, 16], "texture": "#texture", "tintindex": 0}
			}
		},
		{
			"from": [-3.12672, -7.64, 11.03],
			"to": [23.76672, 22.2416, 11.03],
			"shade": false,
			"rotation": {"angle": 0, "axis": "y", "origin": [9.16, 10.3008, 6.84]},
			"faces": {
				"south": {"uv": [0, 0, 16, 16], "texture": "#texture", "tintindex": 0}
			}
		}
	]
}