{
	"credit": "Made with Blockbench",
	"ambientocclusion": false,
	"textures": {
		"0": "block/beetroot_3",
		"particle": "block/beetroot_3"
	},
	"elements": [
		{
			"from": [8.43675, -1.8, -2.14853],
			"to": [8.43675, 7.8, 7.45147],
			"rotation": {"angle": 45, "axis": "y", "origin": [8.43675, 0, 2.65147]},
			"faces": {
				"east": {"uv": [0, 0, 16, 16], "texture": "#0"},
				"west": {"uv": [0, 0, 16, 16], "texture": "#0"}
			}
		},
		{
			"from": [8.43675, -1.8, -2.14853],
			"to": [8.43675, 7.8, 7.45147],
			"rotation": {"angle": -22.5, "axis": "y", "origin": [8.43675, 0, 2.65147]},
			"faces": {
				"east": {"uv": [0, 0, 16, 16], "texture": "#0"},
				"west": {"uv": [0, 0, 16, 16], "texture": "#0"}
			}
		},
		{
			"from": [3.49131, -1.86, 8.05318],
			"to": [13.41131, 8.06, 8.05318],
			"rotation": {"angle": -22.5, "axis": "y", "origin": [8.45131, 3.1, 8.05318]},
			"faces": {
				"north": {"uv": [0, 0, 16, 16], "texture": "#0"},
				"south": {"uv": [0, 0, 16, 16], "texture": "#0"}
			}
		},
		{
			"from": [8.45131, -1.86, 3.09318],
			"to": [8.45131, 8.06, 13.01318],
			"rotation": {"angle": -45, "axis": "y", "origin": [8.45131, 3.1, 8.05318]},
			"faces": {
				"east": {"uv": [0, 0, 16, 16], "texture": "#0"},
				"west": {"uv": [16, 0, 0, 16], "texture": "#0"}
			}
		},
		{
			"from": [8.45495, -1.875, 7.61611],
			"to": [8.45495, 8.125, 17.61611],
			"rotation": {"angle": -22.5, "axis": "y", "origin": [8.45495, 3.125, 12.61611]},
			"faces": {
				"east": {"uv": [16, 0, 0, 16], "texture": "#0"},
				"west": {"uv": [16, 0, 0, 16], "texture": "#0"}
			}
		},
		{
			"from": [8.45495, -1.875, 7.61611],
			"to": [8.45495, 8.125, 17.61611],
			"rotation": {"angle": 45, "axis": "y", "origin": [8.45495, 3.125, 12.61611]},
			"faces": {
				"east": {"uv": [16, 0, 0, 16], "texture": "#0"},
				"west": {"uv": [16, 0, 0, 16], "texture": "#0"}
			}
		}
	]
}