{
	"credit": "Made with Blockbench",
	"ambientocclusion": false,
	"textures": {
		"0": "block/beetroot_2",
		"particle": "block/beetroot_2"
	},
	"elements": [
		{
			"from": [7, -0.8, 3],
			"to": [7, 7.2, 11],
			"rotation": {"angle": 45, "axis": "y", "origin": [2, 3.7, 3]},
			"faces": {
				"east": {"uv": [16, 0, 0, 16], "texture": "#0"},
				"west": {"uv": [16, 0, 0, 16], "texture": "#0"}
			}
		},
		{
			"from": [8.36396, -0.8, -1.70711],
			"to": [8.36396, 7.2, 6.29289],
			"rotation": {"angle": -22.5, "axis": "y", "origin": [8.36396, 3.2, 2.29289]},
			"faces": {
				"east": {"uv": [16, 0, 0, 16], "texture": "#0"},
				"west": {"uv": [16, 0, 0, 16], "texture": "#0"}
			}
		},
		{
			"from": [4.36396, -0.8, 8.04289],
			"to": [12.36396, 7.2, 8.04289],
			"rotation": {"angle": -22.5, "axis": "y", "origin": [8.36396, 3.2, 8.04289]},
			"faces": {
				"north": {"uv": [0, 0, 16, 16], "texture": "#0"},
				"south": {"uv": [0, 0, 16, 16], "texture": "#0"}
			}
		},
		{
			"from": [8.36396, -0.8, 4.04289],
			"to": [8.36396, 7.2, 12.04289],
			"rotation": {"angle": -45, "axis": "y", "origin": [8.36396, 3.2, 8.04289]},
			"faces": {
				"east": {"uv": [0, 0, 16, 16], "texture": "#0"},
				"west": {"uv": [0, 0, 16, 16], "texture": "#0"}
			}
		},
		{
			"from": [8.36396, -0.8, 9.29289],
			"to": [8.36396, 7.2, 17.29289],
			"rotation": {"angle": -22.5, "axis": "y", "origin": [8.36396, 3.2, 13.29289]},
			"faces": {
				"east": {"uv": [0, 0, 16, 16], "texture": "#0"},
				"west": {"uv": [16, 0, 0, 16], "texture": "#0"}
			}
		}
	]
}