{
	"credit": "Made with Blockbench",
	"ambientocclusion": false,
	"textures": {
		"0": "block/beetroot_1",
		"particle": "block/beetroot_1"
	},
	"elements": [
		{
			"from": [7.35, -0.325, 3.75],
			"to": [7.35, 4.875, 8.95],
			"rotation": {"angle": 45, "axis": "y", "origin": [4.1, 2.6, 3.75]},
			"faces": {
				"east": {"uv": [0, 0, 16, 16], "texture": "#0"},
				"west": {"uv": [0, 0, 16, 16], "texture": "#0"}
			}
		},
		{
			"from": [8.23657, -0.325, 0.69038],
			"to": [8.23657, 4.875, 5.89038],
			"rotation": {"angle": -22.5, "axis": "y", "origin": [8.23657, 2.275, 3.29038]},
			"faces": {
				"east": {"uv": [0, 0, 16, 16], "texture": "#0"},
				"west": {"uv": [0, 0, 16, 16], "texture": "#0"}
			}
		},
		{
			"from": [5.63657, -0.325, 8.02788],
			"to": [10.83657, 4.875, 8.02788],
			"rotation": {"angle": -22.5, "axis": "y", "origin": [8.23657, 2.275, 8.02788]},
			"faces": {
				"north": {"uv": [0, 0, 16, 16], "texture": "#0"},
				"south": {"uv": [0, 0, 16, 16], "texture": "#0"}
			}
		},
		{
			"from": [8.23657, -0.325, 5.42788],
			"to": [8.23657, 4.875, 10.62788],
			"rotation": {"angle": -45, "axis": "y", "origin": [8.23657, 2.275, 8.02788]},
			"faces": {
				"east": {"uv": [0, 0, 16, 16], "texture": "#0"},
				"west": {"uv": [0, 0, 16, 16], "texture": "#0"}
			}
		},
		{
			"from": [8.23657, -0.325, 9.84038],
			"to": [8.23657, 4.875, 15.04038],
			"rotation": {"angle": -22.5, "axis": "y", "origin": [8.23657, 2.275, 12.44038]},
			"faces": {
				"east": {"uv": [0, 0, 16, 16], "texture": "#0"},
				"west": {"uv": [16, 0, 0, 16], "texture": "#0"}
			}
		},
		{
			"from": [8.23657, -0.325, 9.84038],
			"to": [8.23657, 4.875, 15.04038],
			"rotation": {"angle": 45, "axis": "y", "origin": [8.23657, 2.275, 12.44038]},
			"faces": {
				"east": {"uv": [0, 0, 16, 16], "texture": "#0"},
				"west": {"uv": [16, 0, 0, 16], "texture": "#0"}
			}
		}
	]
}