{
	"credit": "Made with Blockbench",
	"parent": "block/block",
	"textures": {
		"particle": "block/big_dripleaf_top",
		"top": "block/big_dripleaf_top",
		"stem": "block/big_dripleaf_stem",
		"tip": "block/big_dripleaf_tip"
	},
	"elements": [
		{
			"from": [0, 15, 0],
			"to": [16, 15, 16],
			"shade": false,
			"faces": {
				"up": {"uv": [0, 0, 16, 16], "texture": "#top"},
				"down": {"uv": [0, 16, 16, 0], "texture": "#top"}
			}
		},
		{
			"from": [0, 9, 0],
			"to": [16, 15, 0.002],
			"shade": false,
			"rotation": {"angle": 45, "axis": "x", "origin": [8, 15, 0.001]},
			"faces": {
				"north": {"uv": [0, 0, 16, 6], "texture": "#tip", "cullface": "north"},
				"south": {"uv": [16, 0, 0, 6], "texture": "#tip"}
			}
		},
		{
			"from": [5, 0, 12],
			"to": [11, 15, 12],
			"shade": false,
			"rotation": {"angle": 45, "axis": "y", "origin": [8, 8, 12], "rescale": true},
			"faces": {
				"north": {"uv": [3, 0, 14, 16], "texture": "#stem"},
				"south": {"uv": [3, 0, 14, 16], "texture": "#stem"}
			}
		},
		{
			"from": [5, 0, 12],
			"to": [11, 15, 12],
			"shade": false,
			"rotation": {"angle": -45, "axis": "y", "origin": [8, 8, 12], "rescale": true},
			"faces": {
				"north": {"uv": [3, 0, 14, 16], "texture": "#stem"},
				"south": {"uv": [3, 0, 14, 16], "texture": "#stem"}
			}
		}
	]
}