{
	"credit": "Made with Blockbench",
	"parent": "block/thin_block",
	"textures": {
		"0": "block/birch_trapdoor/birch_trapdoor",
		"1": "block/birch_door/birch_door_side_bottom",
		"particle": "block/birch_trapdoor/birch_trapdoor"
	},
	"elements": [
		{
			"from": [0, 0, 0],
			"to": [2, 3, 16],
			"rotation": {"angle": 0, "axis": "x", "origin": [8, 0, 16]},
			"faces": {
				"north": {"uv": [6, 0, 9, 2], "rotation": 90, "texture": "#1"},
				"east": {"uv": [6, 0, 9, 16], "rotation": 90, "texture": "#1"},
				"south": {"uv": [6, 14, 9, 16], "rotation": 90, "texture": "#1"},
				"west": {"uv": [6, 0, 9, 16], "rotation": 90, "texture": "#1"},
				"up": {"uv": [0, 0, 2, 16], "texture": "#0"},
				"down": {"uv": [0, 0, 2, 16], "texture": "#0"}
			}
		},
		{
			"from": [2, 0, 0],
			"to": [14, 3, 2],
			"rotation": {"angle": 0, "axis": "x", "origin": [8, 0, 16]},
			"faces": {
				"north": {"uv": [6, 2, 9, 14], "rotation": 90, "texture": "#1"},
				"south": {"uv": [6, 2, 9, 14], "rotation": 90, "texture": "#1"},
				"up": {"uv": [2, 0, 14, 2], "texture": "#0"},
				"down": {"uv": [14, 0, 2, 2], "texture": "#0"}
			}
		},
		{
			"from": [2, 0.5, 4],
			"to": [14, 2.5, 7],
			"rotation": {"angle": 0, "axis": "x", "origin": [8, 0, 16]},
			"faces": {
				"north": {"uv": [6.5, 2, 8.5, 14], "rotation": 90, "texture": "#1"},
				"south": {"uv": [6.5, 2, 8.5, 14], "rotation": 90, "texture": "#1"},
				"up": {"uv": [2, 4, 14, 7], "texture": "#0"},
				"down": {"uv": [2, 4, 14, 7], "texture": "#0"}
			}
		},
		{
			"from": [2, 0.5, 9],
			"to": [14, 2.5, 12],
			"rotation": {"angle": 0, "axis": "x", "origin": [8, 0, 16]},
			"faces": {
				"north": {"uv": [6.5, 2, 8.5, 14], "rotation": 90, "texture": "#1"},
				"south": {"uv": [6.5, 2, 8.5, 14], "rotation": 90, "texture": "#1"},
				"up": {"uv": [2, 9, 14, 12], "texture": "#0"},
				"down": {"uv": [2, 9, 14, 12], "texture": "#0"}
			}
		},
		{
			"from": [2, 0, 14],
			"to": [14, 3, 16],
			"rotation": {"angle": 0, "axis": "x", "origin": [8, 0, 16]},
			"faces": {
				"north": {"uv": [6, 2, 9, 14], "rotation": 90, "texture": "#1"},
				"south": {"uv": [6, 2, 9, 14], "rotation": 90, "texture": "#1"},
				"up": {"uv": [2, 14, 14, 16], "texture": "#0"},
				"down": {"uv": [2, 0, 14, 2], "texture": "#0"}
			}
		},
		{
			"from": [14, 0, 0],
			"to": [16, 3, 16],
			"rotation": {"angle": 0, "axis": "x", "origin": [8, 0, 16]},
			"faces": {
				"north": {"uv": [6, 14, 9, 16], "rotation": 90, "texture": "#1"},
				"east": {"uv": [6, 0, 9, 16], "rotation": 90, "texture": "#1"},
				"south": {"uv": [6, 0, 9, 2], "rotation": 90, "texture": "#1"},
				"west": {"uv": [6, 0, 9, 16], "rotation": 90, "texture": "#1"},
				"up": {"uv": [14, 0, 16, 16], "texture": "#0"},
				"down": {"uv": [14, 0, 16, 16], "texture": "#0"}
			}
		}
	]
}