{
	"credit": "Made with Blockbench",
	"parent": "block/block",
	"textures": {
		"0": "block/fence/birch_fence/logs",
		"1": "block/fence/birch_fence/pillar",
		"particle": "block/fence/birch_fence/logs"
	},
	"elements": [
		{
			"name": "1",
			"from": [0, 5, 7],
			"to": [2.5, 16, 9],
			"rotation": {"angle": 0, "axis": "y", "origin": [4, 10.5, 8]},
			"faces": {
				"north": {"uv": [6.96875, 0, 9.46875, 11], "texture": "#1"},
				"east": {"uv": [6.96875, 0, 8.96875, 11], "texture": "#1"},
				"south": {"uv": [6.96875, 0, 9.46875, 11], "texture": "#1"},
				"west": {"uv": [6.96875, 0, 8.96875, 11], "texture": "#1"},
				"up": {"uv": [2.21875, 1.125, 4.21875, 3.625], "rotation": 90, "texture": "#1"},
				"down": {"uv": [2.21875, 1.125, 4.21875, 3.125], "rotation": 270, "texture": "#1"}
			}
		},
		{
			"name": "2",
			"from": [13.5, 5, 7],
			"to": [16, 16, 9],
			"rotation": {"angle": 0, "axis": "y", "origin": [12, 10.5, 8]},
			"faces": {
				"north": {"uv": [7, 5, 9.5, 16], "texture": "#1"},
				"east": {"uv": [7, 5, 9, 16], "texture": "#1"},
				"south": {"uv": [7, 5, 9.5, 16], "texture": "#1"},
				"west": {"uv": [7, 5, 9, 16], "texture": "#1"},
				"up": {"uv": [1.78125, 1.84375, 3.78125, 4.34375], "rotation": 270, "texture": "#1"},
				"down": {"uv": [1.78125, 1.84375, 3.78125, 3.84375], "rotation": 90, "texture": "#1"}
			}
		},
		{
			"name": "3",
			"from": [0, 6, 13],
			"to": [2.5, 15, 14.75],
			"rotation": {"angle": 0, "axis": "y", "origin": [4, 10.5, 8]},
			"faces": {
				"north": {"uv": [7, 1, 9, 10], "texture": "#1"},
				"east": {"uv": [7.46875, 7, 9.46875, 16], "texture": "#1"},
				"south": {"uv": [7, 1, 9, 10], "texture": "#1"},
				"west": {"uv": [7.46875, 7, 9.46875, 16], "texture": "#1"},
				"up": {"uv": [6, 7, 8, 9], "rotation": 90, "texture": "#1"},
				"down": {"uv": [6, 7, 8, 9], "rotation": 270, "texture": "#1"}
			}
		},
		{
			"name": "4",
			"from": [13.5, 6, 13],
			"to": [16, 15, 14.75],
			"rotation": {"angle": 0, "axis": "y", "origin": [12, 10.5, 8]},
			"faces": {
				"north": {"uv": [7, 1, 9, 10], "texture": "#1"},
				"east": {"uv": [6.75, 0, 8.75, 9], "texture": "#1"},
				"south": {"uv": [7, 1, 9, 10], "texture": "#1"},
				"west": {"uv": [6.75, 0, 8.75, 9], "texture": "#1"},
				"up": {"uv": [8, 7, 10, 9], "rotation": 270, "texture": "#1"},
				"down": {"uv": [8, 7, 10, 9], "rotation": 90, "texture": "#1"}
			}
		},
		{
			"name": "5",
			"from": [0.25, 6, 9],
			"to": [2.25, 9, 13],
			"rotation": {"angle": 0, "axis": "y", "origin": [4, 10.5, 8]},
			"faces": {
				"east": {"uv": [10.96875, 7.53125, 14.96875, 10.53125], "texture": "#0"},
				"west": {"uv": [10.96875, 7.53125, 14.96875, 10.53125], "texture": "#0"},
				"up": {"uv": [6.625, 7.375, 10.625, 9.375], "rotation": 90, "texture": "#0"},
				"down": {"uv": [2.3125, 8.46875, 6.3125, 10.46875], "rotation": 270, "texture": "#0"}
			}
		},
		{
			"name": "6",
			"from": [0.25, 12, 9],
			"to": [2.25, 15, 13],
			"rotation": {"angle": 0, "axis": "y", "origin": [4, 10.5, 8]},
			"faces": {
				"east": {"uv": [5.96875, 1.625, 9.96875, 4.625], "texture": "#0"},
				"west": {"uv": [5.96875, 1.625, 9.96875, 4.625], "texture": "#0"},
				"up": {"uv": [8.125, 7.375, 12.125, 9.375], "rotation": 90, "texture": "#0"},
				"down": {"uv": [2.3125, 8.46875, 6.3125, 10.46875], "rotation": 270, "texture": "#0"}
			}
		},
		{
			"name": "7",
			"from": [13.75, 6, 9],
			"to": [15.75, 9, 13],
			"rotation": {"angle": 0, "axis": "y", "origin": [12, 10.5, 8]},
			"faces": {
				"east": {"uv": [1.40625, 1.75, 5.40625, 4.75], "texture": "#0"},
				"west": {"uv": [1.40625, 1.75, 5.40625, 4.75], "texture": "#0"},
				"up": {"uv": [1.71875, 1.53125, 5.71875, 3.53125], "rotation": 270, "texture": "#0"},
				"down": {"uv": [10.1875, 8.53125, 14.1875, 10.53125], "rotation": 90, "texture": "#0"}
			}
		},
		{
			"name": "8",
			"from": [13.75, 12, 9],
			"to": [15.75, 15, 13],
			"rotation": {"angle": 0, "axis": "y", "origin": [12, 10.5, 8]},
			"faces": {
				"east": {"uv": [10, 1.90625, 14, 4.90625], "texture": "#0"},
				"west": {"uv": [10, 1.90625, 14, 4.90625], "texture": "#0"},
				"up": {"uv": [9.84375, 1.625, 13.84375, 3.625], "rotation": 270, "texture": "#0"},
				"down": {"uv": [10.1875, 8.53125, 14.1875, 10.53125], "rotation": 90, "texture": "#0"}
			}
		}
	],
	"display": {
		"gui": {
			"rotation": [30, 45, 0],
			"translation": [0, -1, 0],
			"scale": [0.8, 0.8, 0.8]
		},
		"head": {
			"translation": [0, -3, -6]
		}
	}
}