{
	"credit": "Made with Blockbench",
	"textures": {
		"1": "block/birch_door/birch_door_side_bottom",
		"2": "block/birch_door/birch_door_bottom",
		"particle": "block/birch_door/birch_door_side_bottom"
	},
	"elements": [
		{
			"from": [0, 0, 0],
			"to": [3, 16, 16],
			"faces": {
				"north": {"uv": [6, 0, 9, 16], "texture": "#1", "cullface": "north"},
				"east": {"uv": [0, 0, 16, 16], "texture": "#2"},
				"south": {"uv": [6, 0, 9, 16], "texture": "#1", "cullface": "south"},
				"west": {"uv": [16, 0, 0, 16], "texture": "#2", "cullface": "west"},
				"down": {"uv": [6, 0, 9, 16], "texture": "#1", "cullface": "down"}
			}
		}
	]
}