{
	"credit": "Made with Blockbench",
	"textures": {
		"1": "block/birch_door/birch_door_side_top",
		"2": "block/birch_door/birch_door_top",
		"particle": "block/birch_door/birch_door_side_top"
	},
	"elements": [
		{
			"from": [0, 0, 0],
			"to": [3, 16, 4],
			"rotation": {"angle": 0, "axis": "y", "origin": [0, 0, 16]},
			"faces": {
				"north": {"uv": [6, 0, 9, 16], "texture": "#1", "cullface": "north"},
				"east": {"uv": [12, 0, 16, 16], "texture": "#2"},
				"south": {"uv": [6, 0, 9, 16], "texture": "#1"},
				"west": {"uv": [16, 0, 12, 16], "texture": "#2", "cullface": "west"}
			}
		},
		{
			"from": [0, 0, 12],
			"to": [3, 16, 16],
			"rotation": {"angle": 0, "axis": "y", "origin": [0, 0, 16]},
			"faces": {
				"north": {"uv": [6, 0, 9, 16], "texture": "#1"},
				"east": {"uv": [0, 0, 4, 16], "texture": "#2"},
				"south": {"uv": [6, 0, 9, 16], "texture": "#1", "cullface": "south"},
				"west": {"uv": [4, 0, 0, 16], "texture": "#2", "cullface": "west"}
			}
		},
		{
			"from": [0, 12, 10],
			"to": [3, 16, 12],
			"rotation": {"angle": 0, "axis": "y", "origin": [0, 0, 16]},
			"faces": {
				"north": {"uv": [9, 12, 6, 16], "texture": "#1"},
				"east": {"uv": [4, 0, 6, 4], "texture": "#2"},
				"west": {"uv": [10, 0, 12, 4], "texture": "#2", "cullface": "west"},
				"down": {"uv": [6, 2, 9, 0], "texture": "#1"}
			}
		},
		{
			"from": [0, 12, 4],
			"to": [3, 16, 6],
			"rotation": {"angle": 0, "axis": "y", "origin": [0, 0, 16]},
			"faces": {
				"east": {"uv": [10, 0, 12, 4], "texture": "#2"},
				"south": {"uv": [9, 12, 6, 16], "texture": "#1"},
				"west": {"uv": [4, 0, 6, 4], "texture": "#2", "cullface": "west"},
				"down": {"uv": [6, 16, 9, 14], "texture": "#1"}
			}
		},
		{
			"from": [0, 14, 6],
			"to": [3, 16, 10],
			"rotation": {"angle": 0, "axis": "y", "origin": [0, 0, 16]},
			"faces": {
				"east": {"uv": [6, 0, 10, 2], "texture": "#2"},
				"west": {"uv": [6, 0, 10, 2], "texture": "#2", "cullface": "west"},
				"down": {"uv": [6, 10, 9, 6], "texture": "#1"}
			}
		},
		{
			"from": [0, 16, 0],
			"to": [3, 16, 16],
			"rotation": {"angle": 0, "axis": "y", "origin": [0, 0, 16]},
			"faces": {
				"up": {"uv": [6, 16, 9, 0], "texture": "#1", "cullface": "up"}
			}
		},
		{
			"from": [0, 0, 4],
			"to": [3, 2, 12],
			"rotation": {"angle": 0, "axis": "y", "origin": [0, 0, 16]},
			"faces": {
				"east": {"uv": [4, 14, 12, 16], "texture": "#2"},
				"west": {"uv": [12, 14, 4, 16], "texture": "#2", "cullface": "west"},
				"up": {"uv": [6, 12, 9, 4], "texture": "#1"}
			}
		},
		{
			"from": [1.5, 1.975, 3.975],
			"to": [1.5, 14.025, 12.025],
			"rotation": {"angle": 0, "axis": "y", "origin": [0, 0, 16]},
			"faces": {
				"east": {"uv": [12, 2, 4, 14], "texture": "#2"},
				"west": {"uv": [12, 2, 4, 14], "texture": "#2"}
			}
		}
	]
}