{
	"credit": "Made with Blockbench",
	"textures": {
		"1": "block/fence/oak_fence/logs_bottom",
		"2": "block/fence/oak_fence/logs_top",
		"3": "block/fence/oak_fence/logs",
		"particle": "block/fence/oak_fence/logs_bottom"
	},
	"elements": [
		{
			"name": "top bar",
			"from": [7, 12, 0],
			"to": [9, 15, 9],
			"faces": {
				"north": {"uv": [7, 1.625, 9, 4.625], "texture": "#3", "cullface": "north"},
				"east": {"uv": [7, 1.625, 16, 4.625], "texture": "#3"},
				"south": {"uv": [0, 0, 0, 0], "texture": "#3"},
				"west": {"uv": [0, 1.59375, 9, 4.59375], "texture": "#3"},
				"up": {"uv": [7, 8.0625, 16, 10.0625], "rotation": 90, "texture": "#2"},
				"down": {"uv": [9, 10.0625, 0, 8.0625], "rotation": 90, "texture": "#1"}
			}
		},
		{
			"name": "lower bar",
			"from": [7, 6, 0],
			"to": [9, 9, 9],
			"faces": {
				"north": {"uv": [7, 7, 9, 10], "texture": "#3", "cullface": "north"},
				"east": {"uv": [7, 7.625, 16, 10.625], "texture": "#3"},
				"south": {"uv": [0, 0, 0, 0], "texture": "#3"},
				"west": {"uv": [0, 7.59375, 9, 10.59375], "texture": "#3"},
				"up": {"uv": [7, 8.0625, 16, 10.0625], "rotation": 90, "texture": "#2"},
				"down": {"uv": [9, 10.0625, 0, 8.0625], "rotation": 90, "texture": "#1"}
			}
		}
	]
}