{
	"credit": "Made with Blockbench",
	"textures": {
		"0": "block/fence/oak_fence/pillar",
		"particle": "block/fence/oak_fence/pillar"
	},
	"elements": [
		{
			"name": "Center post",
			"from": [6, 0, 6],
			"to": [10, 16, 10],
			"faces": {
				"north": {"uv": [6.0625, 0, 10, 16], "texture": "#0"},
				"east": {"uv": [6.0625, 0, 10, 16], "texture": "#0"},
				"south": {"uv": [6.0625, 0, 10, 16], "texture": "#0"},
				"west": {"uv": [6.0625, 0, 10, 16], "texture": "#0"},
				"up": {"uv": [0.78125, 0.75, 4.78125, 4.75], "texture": "#0", "cullface": "up"},
				"down": {"uv": [0.78125, 0.75, 4.78125, 4.75], "texture": "#0"}
			}
		}
	]
}