{
	"credit": "Made by Aetheris_ex",
	"ambientocclusion": false,
	"textures": {
		"1": "block/acacia_leaves/acacia_leaves_2",
		"2": "block/acacia_leaves/acacia_leaves_1",
		"3": "block/acacia_leaves/acacia_leaves_3",
		"particle": "block/acacia_leaves/acacia_leaves_3"
	},
	"elements": [
		{
			"from": [-2.99572, -15.70584, -7.12],
			"to": [-2.99572, 15.97416, 24.56],
			"shade": false,
			"rotation": {"angle": -22.5, "axis": "z", "origin": [16.44428, -6.78584, 11]},
			"faces": {
				"east": {"uv": [0, 0, 16, 16], "rotation": 180, "texture": "#1", "cullface": "west", "tintindex": 0},
				"west": {"uv": [16, 16, 0, 0], "texture": "#1", "cullface": "west", "tintindex": 0}
			}
		},
		{
			"from": [-5.99572, -14.14584, -1.6],
			"to": [25.68428, 17.53416, -1.6],
			"shade": false,
			"rotation": {"angle": 22.5, "axis": "x", "origin": [16.44428, -6.78584, 11]},
			"faces": {
				"north": {"uv": [0, 0, 16, 16], "texture": "#1", "cullface": "north", "tintindex": 0},
				"south": {"uv": [16, 16, 0, 0], "rotation": 180, "texture": "#1", "cullface": "north", "tintindex": 0}
			}
		},
		{
			"from": [-7.31572, -7.92, 18.56],
			"to": [24.36428, 23.76, 18.56],
			"shade": false,
			"rotation": {"angle": -22.5, "axis": "x", "origin": [16.44428, -6.78584, 11]},
			"faces": {
				"north": {"uv": [16, 16, 0, 0], "texture": "#2", "cullface": "south", "tintindex": 0},
				"south": {"uv": [0, 16, 16, 0], "rotation": 180, "texture": "#2", "cullface": "south", "tintindex": 0}
			}
		},
		{
			"from": [-5.31572, -5.92, 6.56],
			"to": [26.36428, 25.76, 6.56],
			"shade": false,
			"rotation": {"angle": 22.5, "axis": "y", "origin": [16.44428, -6.78584, 11]},
			"faces": {
				"north": {"uv": [16, 0, 0, 16], "texture": "#3", "tintindex": 0},
				"south": {"uv": [16, 0, 0, 16], "rotation": 180, "texture": "#3", "tintindex": 0}
			}
		}
	],
	"display": {
		"thirdperson_righthand": {
			"scale": [0.2, 0.2, 0.2]
		},
		"thirdperson_lefthand": {
			"scale": [0.2, 0.2, 0.2]
		},
		"firstperson_righthand": {
			"scale": [0.2, 0.2, 0.2]
		},
		"firstperson_lefthand": {
			"scale": [0.2, 0.2, 0.2]
		},
		"ground": {
			"scale": [0.2, 0.2, 0.2]
		},
		"gui": {
			"rotation": [33, 78, -3],
			"scale": [0.5, 0.36, 0.47]
		},
		"head": {
			"scale": [0.2, 0.2, 0.2]
		}
	}
}