{
	"credit": "Made by Aetheris_ex",
	"ambientocclusion": false,
	"textures": {
		"1": "block/acacia_leaves/acacia_leaves_1",
		"2": "block/acacia_leaves/acacia_leaves_2",
		"3": "block/acacia_leaves/acacia_leaves_3",
		"particle": "block/acacia_leaves/acacia_leaves_3"
	},
	"elements": [
		{
			"from": [-5.99572, -14.14584, -1.6],
			"to": [25.68428, 17.53416, -1.6],
			"shade": false,
			"rotation": {"angle": 45, "axis": "x", "origin": [16.44428, -6.78584, 11]},
			"faces": {
				"north": {"uv": [0, 0, 16, 16], "texture": "#1", "cullface": "north", "tintindex": 0},
				"south": {"uv": [16, 16, 0, 0], "rotation": 180, "texture": "#1", "cullface": "north", "tintindex": 0}
			}
		},
		{
			"from": [20.52428, -5.82584, -5.84],
			"to": [20.52428, 25.85416, 25.84],
			"shade": false,
			"rotation": {"angle": 22.5, "axis": "z", "origin": [16.44428, -6.78584, 11]},
			"faces": {
				"east": {"uv": [0, 16, 16, 0], "texture": "#3", "cullface": "up", "tintindex": 0},
				"west": {"uv": [16, 16, 0, 0], "rotation": 180, "texture": "#3", "cullface": "up", "tintindex": 0}
			}
		},
		{
			"from": [-7.31572, -6.14633, 12.35685],
			"to": [24.36428, 25.53367, 12.35685],
			"shade": false,
			"rotation": {"angle": -45, "axis": "x", "origin": [8.52428, 9.69367, 12.35685]},
			"faces": {
				"north": {"uv": [16, 16, 0, 0], "texture": "#2", "cullface": "south", "tintindex": 0},
				"south": {"uv": [0, 16, 16, 0], "rotation": 180, "texture": "#2", "cullface": "south", "tintindex": 0}
			}
		},
		{
			"from": [5.88428, -5.92, -7.76],
			"to": [5.88428, 25.76, 23.92],
			"shade": false,
			"rotation": {"angle": 22.5, "axis": "y", "origin": [16.44428, -6.78584, 11]},
			"faces": {
				"east": {"uv": [16, 16, 0, 0], "texture": "#2", "tintindex": 0},
				"west": {"uv": [0, 0, 16, 16], "rotation": 180, "texture": "#2", "tintindex": 0}
			}
		}
	],
	"display": {
		"thirdperson_righthand": {
			"scale": [0.2, 0.2, 0.2]
		},
		"thirdperson_lefthand": {
			"scale": [0.2, 0.2, 0.2]
		},
		"firstperson_righthand": {
			"scale": [0.2, 0.2, 0.2]
		},
		"firstperson_lefthand": {
			"scale": [0.2, 0.2, 0.2]
		},
		"ground": {
			"scale": [0.2, 0.2, 0.2]
		},
		"gui": {
			"rotation": [33, 78, -3],
			"scale": [0.5, 0.36, 0.47]
		},
		"head": {
			"scale": [0.2, 0.2, 0.2]
		}
	}
}